@id,@lat,@lon
250326722,46.4246144,11.6830415
261664559,46.2832082,11.5578352
266156643,46.0738909,11.1507340
266179021,46.0487810,11.1458646
267649394,46.2136633,11.1161139
268810377,46.0566668,11.1198774
269014255,46.1219502,11.1056501
269027995,45.8909225,11.1519814
269125370,46.1314536,11.2409810
269139558,46.1496788,11.2771882
269195985,46.0967804,11.2365962
269429268,45.9143490,11.0359200
269440263,45.8923276,11.0332987
269954617,46.3114194,11.6036795
270097398,45.8974176,11.0453053
270252403,46.0422570,11.2292980
270448602,46.0392285,11.2377746
270673833,45.8840950,10.8442067
270721080,46.0657617,11.1369812
272337355,46.3260963,11.6003408
272762419,46.0194576,11.1052848
274233033,46.0711498,11.1859042
274899583,46.0849859,11.2139962
275986622,46.0197351,11.1081153
275988553,46.0167312,11.1070740
276691077,46.0117962,11.1054751
276713630,46.2185971,11.1185413
277085517,46.0157401,11.1058067
277087207,46.0178342,11.1074459
277087562,46.0191315,11.1049504
282421622,46.0912926,11.1664380
282793806,46.1320334,11.1416544
289245103,46.0602984,11.1581485
289578436,45.9213019,11.1324253
290884161,45.9174989,11.1672252
290936226,45.9178816,11.1923022
290936229,45.9179937,11.1921289
293333188,46.0693213,11.0753258
293333189,46.0506544,11.0693111
293333190,46.0501616,11.0679544
293333192,46.0482336,11.0650441
293333194,46.0429560,11.0639996
293333195,46.0445300,11.0609104
293333196,46.0415430,11.0601782
297368461,46.4625666,11.8370806
298603069,46.4167618,11.6784942
298686993,46.4291788,11.6948672
298876756,46.1434999,10.8032819
299263389,45.9077386,10.8433300
299654077,45.9086252,10.8481497
299801306,45.8915631,10.8444782
299805362,45.8562433,10.9276642
299805385,45.8542265,10.9351715
299924942,46.1193524,10.8072479
300642641,45.9252650,10.8376310
301238271,46.1260598,11.1802289
301457037,45.9224621,10.7859529
303383004,45.9135375,11.0398093
303384209,45.8618843,10.9921505
303820174,46.3118031,11.6051900
303825098,46.3117128,11.6001145
303827898,46.3079559,11.5982428
303947310,46.1741181,11.2181197
304017268,46.3108389,11.5973500
304052120,46.3040079,11.5934995
304070222,45.7593623,11.0023325
304076244,46.3112302,11.6167082
305510180,46.3768374,11.6717705
305724866,46.4215107,11.6790054
307449935,46.3937031,11.6661583
307659251,46.4654024,11.7175378
310890156,45.8711761,10.9033335
311847972,46.0115808,11.2975256
312162986,45.8736609,10.8672005
313067786,45.8960136,10.8443798
313384882,45.8999475,10.8438276
314725173,45.9011468,10.8447659
314729210,45.8959923,10.8474700
315348430,45.9021947,10.8465664
322618037,46.2615788,11.8006003
322712730,46.4076940,10.8065198
322713730,46.3530544,10.9114937
322912224,46.3583001,10.9232835
331236777,45.7595702,11.1718256
331236779,45.7598836,11.1722397
333783339,46.3147242,10.8124015
333783340,46.3144009,10.8114763
333785004,46.3023218,10.8116503
333791380,46.2320806,10.8267360
333791879,46.2259703,10.8277507
334743918,46.3023308,10.8103807
334743942,46.3016854,10.8100907
335595263,46.3531472,10.9140893
335596693,46.3507996,10.9104975
335604417,46.3826369,10.9723889
337320702,46.0855611,11.2149941
338894338,46.1994980,11.8678771
339504496,46.1169694,10.7503927
340803106,45.8942586,10.8463518
344894423,45.9139938,10.8416025
345825899,46.3952835,11.1455252
360314328,46.0106028,11.2868859
365500220,46.0407011,11.1547436
369442791,45.8811862,11.0700112
369443036,45.8842683,11.0729994
377015146,45.9041372,11.0524069
387881691,46.2117505,11.1280772
388393323,46.2170435,11.1079429
388393380,46.2171622,11.1156484
388934086,46.3001415,11.4483496
392387072,46.0428813,11.1800111
401886895,45.8525324,11.1266651
403198383,45.8911945,11.1505516
412369948,46.1679044,10.7139394
412506321,46.1969326,11.1312706
412775283,46.1827592,11.1378997
412784233,46.1808118,11.1656331
412785322,46.1868985,11.1611898
414949927,46.3096491,10.7614072
414988150,46.3509655,10.6943395
414997611,46.3520496,10.6913806
415121031,46.3110451,10.7312029
415504562,46.3196677,10.8268137
417675339,46.0602218,11.2387989
417704027,46.1316279,11.2472740
417707396,46.0341344,11.2209538
417707397,46.0346599,11.2207628
417879336,46.1205246,10.7533262
417969044,46.0319614,11.2266181
419157622,45.9711854,11.2234435
419740927,46.0043589,11.6125499
424453247,46.0431537,11.0379627
427575145,45.7585266,11.1707524
427637374,45.9130913,11.1881640
427963801,46.0449176,11.1284640
428314033,46.0492362,11.1295803
428660119,46.1530660,10.7358747
428665325,46.1027049,10.7395921
428665326,46.1027901,10.7389657
428736789,46.1669305,10.6663561
429614748,46.1612108,10.7382018
439235639,46.0120530,11.2967343
440273456,45.8925260,10.8498673
440681738,46.0877144,10.9101562
454560218,46.1665583,10.6606292
454560219,46.1668129,10.6620264
456730578,46.0889357,10.8863487
457521148,45.7946869,11.0964080
474951311,45.9288010,11.2845830
475207720,46.0010145,11.0855518
475857603,46.1411730,10.7395877
478706674,46.1355814,11.3233208
480003050,46.0596202,11.2401594
481315621,45.9240138,10.8861214
484294484,45.8495978,10.5796352
484525192,45.8615530,10.6416741
497206465,45.8492989,10.5784307
498752161,46.0843200,11.3166519
509303527,46.0367436,10.8729899
511214914,45.8700148,10.7721199
511245520,45.8563255,10.8299411
512227418,46.1549459,11.8072416
520632745,46.1742042,11.2210888
525228148,46.1753000,11.2203223
540427464,45.9260597,10.7176279
550449174,45.8427960,10.5842328
552903930,46.1656869,11.2341186
558635952,46.0120288,11.2976771
565160458,46.2958913,11.7758616
565160638,46.3021361,11.7577977
583525833,46.0742917,11.1351433
600591688,46.3441348,10.9022864
608057998,46.4376285,11.2159353
608070306,46.4234793,11.1774556
608075111,46.4245451,11.1784126
608107364,46.4498543,11.1620227
609173094,46.3191032,10.9615118
610975821,45.9052850,10.8436333
613869967,46.3310576,10.8783195
613870016,46.3318402,10.8833707
614841314,46.3515210,10.9110477
614841384,46.3536346,10.9167464
614841412,46.3711617,10.9520116
614926907,45.8524186,11.0108788
616098860,46.0089084,11.3020489
616524571,46.4012911,10.8450993
616524582,46.3726424,10.8791377
622616092,46.3558217,10.6632109
622616191,46.3581760,10.6670401
622616640,46.3503509,10.9101653
624164632,46.2975795,11.7892994
638751082,45.9278122,11.1185037
638751083,45.9277640,11.1183292
639577135,46.4419565,11.1773500
642955177,46.1346061,11.3249471
663185151,46.0919065,11.1831543
666807278,46.0528889,11.4103962
672719386,46.0467552,11.4210979
685781703,45.9651751,10.9734442
690739282,45.8204190,10.9579027
702858959,46.0338423,10.8704895
721240461,46.1533470,11.8112558
722609750,45.8728528,10.5201981
722738606,46.1516510,11.7976348
722739961,46.1519522,11.7966991
722984972,46.4300524,11.6865386
724938277,46.0663980,11.3215030
726810225,45.9316479,11.0884631
727783810,46.2888502,11.5136375
734898009,46.4772023,11.7659850
736520966,46.4583003,11.7979655
737143804,46.4307714,11.6878623
739372041,46.1482785,11.7968144
740858747,46.0191736,10.6209098
740858753,46.0217654,10.6130198
753274464,45.8545276,10.5683622
754584994,46.2238956,11.8909266
755814003,45.8297009,10.5361562
755814006,45.8299344,10.5369460
759092725,46.0946628,11.0719601
765601132,46.0345553,10.8902779
765788341,45.8324190,10.8924387
765940434,46.3953639,11.1484655
766274590,45.9604545,10.9330214
766274591,45.9308301,10.9055556
766714817,46.0787657,11.2791273
770669288,46.1825498,10.7583682
770688362,46.2130216,10.7540479
772026954,45.7582861,11.1767165
772027237,45.7578640,11.1778775
772053499,45.7580889,11.1700647
794421793,45.9207012,11.0224641
805981161,46.3211036,11.7804984
806308527,46.1201329,10.7512912
811087095,46.0683074,11.1166789
823642105,45.8506694,10.9767955
833753188,46.1609041,11.5286561
835377772,45.9191582,10.8623017
835468523,46.0257591,11.2308067
835778792,45.9003400,10.9436095
842345037,46.1337182,11.8807016
848995040,46.4172338,11.7192397
848995065,46.4175933,11.7234730
848995206,46.4139782,11.7292801
848995292,46.4145296,11.7286661
848995753,46.4209346,11.7036868
853629729,46.3475142,10.9223886
853824706,46.0537057,10.8733498
859538666,45.9414809,11.2524162
859541353,46.0995481,11.1191634
859542323,46.2671093,11.4035987
859543365,46.2775255,11.4138637
859545372,46.2781534,11.4518663
862967043,46.0042716,11.2853642
863819100,46.0264204,11.2306374
863820188,46.0393269,11.3003273
866618140,46.3399169,10.6191088
876955948,46.1164724,10.8085346
880590750,46.0735052,11.1202903
880590806,46.0717438,11.1212006
883431380,45.9691003,11.2324529
883432668,45.9691224,11.2326918
883432672,45.9694794,11.2328590
888057089,46.0663402,11.1752150
914842140,45.9650467,11.2951358
919496816,45.8511646,10.8262843
919577055,46.0897960,10.8861262
922129789,46.0316319,10.7236637
932581848,46.2231427,11.2654796
935635082,45.9009955,10.9479018
935635301,45.9071288,10.9772632
936538551,46.0687663,11.1202820
937259590,46.2627423,11.3393327
937682995,46.2006200,11.2793836
938251797,46.2133799,11.0931804
938264378,46.1664967,11.1103536
938264395,46.1663904,11.1102270
938264437,46.1669777,11.1109378
938264469,46.1664183,11.1096221
938735122,46.0711105,11.1186686
938735127,46.0712863,11.1189680
938735131,46.0724418,11.1197144
939112324,46.1750513,11.2228752
939113094,46.1750028,11.2206798
945028999,46.2407232,11.8181449
945133251,46.3655522,11.0335151
945133291,46.3656312,11.0332977
945133325,46.3658052,11.0334923
945147804,46.3646517,11.0346424
945430399,46.3645496,11.0334048
945438815,46.3635268,11.0358175
945438825,46.3629062,11.0358898
945470847,46.3642393,11.0359466
945470873,46.3643977,11.0359402
945932284,46.3638005,11.0317902
945932347,46.3643912,11.0332569
945988776,46.3629817,11.0310931
946552989,46.2442319,11.0581282
946553270,46.2438200,11.0587772
946553517,46.2437207,11.0589524
948352031,46.2628345,11.0596582
950753941,46.2415591,11.0613625
955936278,46.0935769,11.1206537
965112095,45.9168716,11.0666405
966225788,46.0717270,11.1190917
986317993,45.9763316,10.9390568
986934940,45.9381850,10.9694344
989049415,45.9900635,10.9258718
991704143,46.0669180,11.1261254
998661822,46.0720856,11.1245143
1002865428,46.0626388,11.1220375
1002865491,46.0632596,11.1215002
1012517987,46.1784952,11.2261761
1014941647,46.0688074,11.1205915
1096349376,46.3023242,10.8100127
1096349417,46.3021624,10.8126675
1098048308,46.0657296,11.1245326
1098424065,46.3146250,10.8154892
1098424117,46.3136747,10.8085439
1098424378,46.3481956,10.9090705
1098424397,46.3157983,10.8014506
1098424426,46.3197006,10.8744817
1098424606,46.3156057,10.7973426
1100567235,46.3525892,10.9132543
1100567883,46.3527100,10.9135282
1101757952,46.1069712,11.3033504
1101757961,46.1054756,11.2996258
1103110835,46.2573708,11.0349766
1103173898,46.0784953,11.2776634
1103173930,46.0787005,11.2776358
1109589966,46.0707145,11.1217479
1123437921,46.1938060,11.1280652
1123437972,46.1938438,11.1280304
1126513833,46.1857897,11.0214059
1127040280,46.1682269,11.0053807
1129549149,46.1571717,10.9792975
1132231574,46.2368248,11.0527462
1139790500,46.3519844,11.0622336
1139790534,46.3410282,11.0536647
1139790911,46.3517414,11.0622289
1141111402,46.1413208,11.0861738
1141111712,46.1412323,11.0880069
1141111787,46.1425763,11.0864819
1141112229,46.1411347,11.0873974
1141112463,46.1422125,11.0862111
1143822201,46.1902010,11.1340918
1147996511,46.2148356,11.0970977
1147996569,46.2154799,11.0970043
1147996608,46.2156013,11.0969280
1147996694,46.2149011,11.0968724
1154558070,46.1668323,11.1132208
1154558168,46.1666639,11.1128159
1161345722,46.0692684,11.1222994
1161691785,46.2157540,11.1214901
1167972132,46.0498020,10.7712542
1167972140,46.0507298,10.7748732
1168181952,46.0533511,10.7772660
1168256637,46.0580597,10.7936611
1168688869,46.2167732,11.0934059
1168799153,46.2163525,11.0959127
1169655838,46.0414009,10.7308694
1169695847,46.0446800,10.7523061
1194376375,46.3025214,11.7349864
1211136339,46.0661430,11.1185679
1212500262,46.3842893,11.7959958
1215057388,46.2652608,11.0860668
1215108025,46.2725440,11.0910127
1215108038,46.2740402,11.0905790
1217561669,46.2468648,11.0679162
1223528944,46.3844817,11.7970955
1226777934,46.2134272,11.0887568
1226778039,46.2163095,11.0876329
1226778255,46.2165666,11.0873249
1255463738,46.2836850,11.4368818
1259454230,46.2143309,11.0898368
1261310803,46.2344159,11.0442774
1261310871,46.2343968,11.0448394
1261311008,46.2346687,11.0449946
1268937282,46.2113468,11.0933042
1269337777,45.8870487,10.8789923
1271454360,46.0867857,11.1201705
1271454380,46.0920309,11.1188227
1275651857,46.0861992,11.1212249
1276868843,46.0870528,11.1208621
1276868849,46.0891582,11.1219139
1276868890,46.0879381,11.1214703
1276868943,46.0885510,11.1210716
1276876580,46.0588971,11.1248018
1276876585,46.0596779,11.1239993
1281616969,46.1079200,11.1046065
1291659001,46.1378536,11.1075501
1291659163,46.1379017,11.1079258
1293495301,46.3082476,11.0749941
1294678187,46.2675178,11.0571015
1296594477,46.0830206,11.1214312
1296594790,46.0845297,11.1227423
1299372472,46.0716406,11.1193351
1305047482,45.8399119,11.1110790
1305785157,46.2663456,11.0854051
1305785168,46.2656599,11.0891859
1305785303,46.2387497,11.0612153
1305785458,46.2662358,11.0853107
1305986869,46.2139026,11.0929247
1307180044,46.0737560,11.1319398
1308053894,46.0915403,11.1163738
1308053928,46.0718578,11.1212879
1308053960,46.0916007,11.1166081
1311008995,46.0577875,11.1331063
1311009175,46.0579892,11.1330374
1314419082,46.0029907,11.2825231
1314973801,46.0655384,11.5242016
1322259833,46.1851393,11.0356266
1322854593,46.2655853,11.0858860
1323270360,46.0444062,10.9427896
1325257591,46.1641486,11.1115127
1326215425,46.2399712,11.0615878
1331468283,46.0656955,11.1239165
1335838638,46.1412612,11.1073679
1335838665,46.1412786,11.1069115
1335838705,46.1413706,11.1066582
1346770186,46.0458343,11.0654012
1351405850,46.1657754,11.1087400
1351405854,46.1647333,11.1075837
1351405858,46.1655444,11.1066163
1351405861,46.1664895,11.1093521
1351405871,46.1652330,11.1064097
1351405875,46.1656387,11.1074654
1351405885,46.1654379,11.1066747
1351405887,46.1649740,11.1068202
1351405889,46.1657850,11.1073151
1351405893,46.1664561,11.1098380
1352584852,46.5006243,11.7913238
1352951683,45.8768008,10.8691371
1357186154,46.0510456,10.8538677
1357186157,46.0511550,10.8518914
1357186469,46.0529161,10.8533211
1357186866,46.0546425,10.8480314
1362583351,46.1841137,11.0261674
1362647144,46.1837613,11.0285198
1362647160,46.1842922,11.0292020
1362647181,46.1850905,11.0213814
1362647209,46.1858421,11.0325264
1362647219,46.1859972,11.0400719
1362734598,46.1813470,11.0208921
1362734599,46.1813778,11.0204651
1362734621,46.1828551,11.0199874
1362787265,46.2107439,11.0908126
1362787268,46.2107873,11.0909864
1362787315,46.2119183,11.0897946
1363980588,46.0709622,11.0599124
1364971585,46.0318684,11.0455650
1364971588,46.0328916,11.0472380
1364971658,46.0409440,11.0584899
1364971690,46.0427116,11.0618106
1364971722,46.0465710,11.0638287
1364971748,46.0479822,11.0654799
1364971788,46.0493026,11.0677381
1369533469,46.0679926,11.1264464
1371177059,46.0497042,11.0737672
1371177728,46.0686552,11.0771793
1371177746,46.0688192,11.0565476
1371177768,46.0699071,11.0772607
1373233261,46.4183023,10.9878151
1374604266,46.0514486,11.1241647
1374813267,45.8873087,11.0626773
1381050178,46.2141678,11.0491113
1381050204,46.2144583,11.0487927
1381051004,46.2183356,11.0481354
1381612193,46.1760234,11.0691614
1381612306,46.1777898,11.0712538
1381659954,45.9170951,11.0605232
1381659976,45.9171175,11.0610167
1381701780,45.9114241,11.0838476
1381888657,45.9155550,11.0606170
1381888659,45.9159875,11.0602099
1385239990,45.8959707,10.8809211
1390204589,46.0593810,11.1184933
1393603432,46.4826168,11.1484818
1395948916,45.9177238,11.0662279
1397358796,45.9101954,10.6124143
1397359015,45.9127492,10.6145458
1400293715,46.1932819,11.2603058
1400953945,45.9129630,10.6125729
1402449451,46.1407550,11.1092907
1413379881,46.3008920,10.8081766
1416625316,46.0384716,11.0588626
1416627065,46.0481025,11.0636316
1417482768,46.2094712,11.0947193
1417482793,46.2097683,11.0946730
1417482808,46.2099204,11.0942405
1417483020,46.2124262,11.0915719
1417483134,46.2159283,11.0878941
1421340205,45.9555797,10.6511906
1421340213,45.9561350,10.6513573
1424531664,45.9995462,10.6954666
1428415039,46.3385048,11.7998840
1429418532,46.2133994,11.0899852
1432766656,46.2175690,11.8777187
1433821912,46.0596667,11.2482097
1444960198,45.9118633,10.6034460
1444960210,45.9142372,10.6033823
1449166988,46.3203788,11.0659084
1449167019,46.3205424,11.0657942
1449167050,46.3206598,11.0665743
1449167356,46.3224959,11.0671217
1454246856,46.1023161,11.1167443
1454246862,46.1025354,11.1161585
1474470404,46.2372442,11.0529022
1474470441,46.2374187,11.0530920
1475363191,46.2198075,11.0489843
1482525375,46.2649822,11.0862937
1487741235,46.2481744,11.0688071
1488965585,46.1674596,11.1101877
1489680728,46.0893362,11.0631404
1523289839,46.1422660,10.9617966
1523289857,46.1426010,10.9627889
1524975840,46.1413274,10.9645691
1524976353,46.1444716,10.9652236
1525040908,46.1438185,10.9664826
1525370809,46.1412411,10.9655519
1525370838,46.1412906,10.9638178
1525370958,46.1424209,10.9640370
1525442395,46.1430872,10.9656906
1525442417,46.1432662,10.9664416
1525442420,46.1432804,10.9666432
1525481522,46.2182365,11.0474188
1528758424,45.9338254,11.2294791
1542066753,46.3658789,11.6486608
1544690550,46.2585294,11.0854795
1551200380,46.2079261,11.0960838
1557562372,46.3802435,11.1047757
1558778507,46.0686936,11.1171138
1559260469,46.3458526,11.0595210
1559260519,46.3463058,11.0589606
1559352986,46.3370130,11.0617293
1559353095,46.3378990,11.0635302
1559353394,46.3387587,11.0635717
1559378238,46.3210439,11.0655823
1559378248,46.3210729,11.0652115
1560611821,46.2600294,11.0475439
1562267796,46.2743078,11.0510823
1563599792,46.2648627,11.0865059
1566343804,46.3922976,11.1369804
1580347698,46.0891949,11.1203262
1580347715,46.0893497,11.1206378
1580347774,46.0897504,11.1208452
1581602616,46.0994742,11.1183410
1583907807,46.0624962,11.1254555
1583908282,46.0800654,11.1303938
1583908661,46.0812070,11.1292391
1584063981,46.3940622,11.6664969
1584063984,46.3955827,11.6657616
1584063989,46.3966433,11.6695896
1590167263,46.2851720,11.0382275
1590167270,46.2993348,11.0310756
1593211146,46.1646711,11.1123568
1605286936,46.0645326,11.1199100
1605287034,46.0653940,11.1196815
1605604386,46.1260956,11.1931678
1605643466,46.1305942,11.2038642
1607399782,46.1006172,11.1016029
1607399832,46.1007722,11.1027071
1609032581,46.0384087,11.1100381
1609032777,46.0389091,11.1105562
1614921200,46.2120378,11.0915252
1614921213,46.2120924,11.0919187
1614921228,46.2121365,11.0916932
1614962831,46.2126024,11.0972952
1616079441,46.1671123,11.1057594
1616079466,46.1671973,11.1056359
1618076274,46.0718838,11.1237499
1620985371,46.0483965,11.4593900
1620985373,46.0483773,11.4584009
1620986281,46.0547631,11.4601564
1641022686,46.4374283,11.2151244
1645012669,46.2122638,11.0986212
1645012701,46.2125176,11.0991704
1645012717,46.2125832,11.0993970
1645012747,46.2129925,11.0988681
1645012772,46.2133720,11.0985469
1650895132,46.1646994,11.1131748
1650895150,46.1650382,11.1139947
1653051185,46.0536721,11.4554313
1653051203,46.0538883,11.4560174
1655677856,46.0981317,11.2944826
1660548554,46.4001635,11.6729492
1660548593,46.4002059,11.6727323
1660841930,46.0856113,11.2152149
1660847441,46.3367803,11.1148615
1660847446,46.3370545,11.1153898
1660896516,46.3360305,11.1157185
1662566460,46.3985629,11.6659826
1667548247,46.0724882,11.1220315
1667555118,46.0731165,11.1206034
1671796643,46.2061915,11.1259486
1671796722,46.2066831,11.1257384
1671796748,46.2074161,11.1240096
1707679683,46.0765708,11.1230076
1721725148,46.2134257,11.0872824
1725588312,46.0611523,11.1760317
1725588318,46.0634591,11.1828592
1725856830,45.8960218,10.8539926
1725856834,45.8961433,10.8548677
1737248558,45.7999768,10.5480662
1740376156,46.0709912,11.1238649
1741542909,46.0653134,11.1251265
1742807477,45.7698365,11.1391387
1749649121,46.1417496,11.1112112
1749649154,46.1454294,11.1091997
1755263798,46.0438401,11.1308037
1760214946,45.8555510,10.9679774
1760241069,45.9217407,10.8708763
1763237048,46.2098144,11.0940224
1768500641,46.0445689,10.6879873
1781911451,46.0527880,11.3598530
1781911457,46.0528917,11.3596575
1784871131,46.0797736,11.1228367
1784871132,46.0799627,11.1222372
1794846573,46.3255371,10.8750071
1794964820,46.3179128,10.8265128
1801202061,46.0685715,11.3803690
1801538180,46.2106995,11.1005549
1805154542,46.3942237,10.8376516
1806369474,46.0518382,11.3581356
1809293963,46.0365225,11.3987312
1809408757,46.1174490,11.2054546
1809884195,46.2098928,11.0907804
1821364661,46.1602038,11.5287053
1821604685,46.0491290,11.5651486
1824386637,46.0041650,11.2426233
1825493240,46.2560658,11.1636166
1827991024,46.0902842,11.1133249
1827991026,46.0903578,11.1136385
1827991028,46.0904940,11.1129025
1827991030,46.0907368,11.1127504
1837762249,46.1421498,11.1093419
1846782771,46.1646208,11.1126443
1848898567,46.0738655,11.1221606
1848934477,46.0354319,10.7337311
1857710267,46.0631728,11.1189464
1860758223,46.3236030,11.1733882
1860767084,46.1879931,11.9045873
1868799961,46.0008916,10.6914567
1874998415,46.0664303,11.0757668
1885206961,46.2577348,11.5138418
1902739162,45.9672948,10.6687878
1933498781,46.1410781,11.1077966
1934061250,46.0534636,11.1295881
1950422437,45.9471765,11.0146550
1950427062,45.9025635,11.0000963
1977210634,46.0693525,11.2074785
1977210828,46.0702107,11.2053443
1985073011,46.0406033,11.1313264
1987683792,46.2757453,11.0499325
1997439972,45.9210422,10.8333217
1998891590,46.0730958,11.2477463
1999373823,46.0623542,11.1549015
2016971455,45.8881306,10.5951702
2016981943,45.8860559,10.5950666
2017212158,45.8899474,10.6001672
2017212482,45.8932415,10.6031895
2017842827,45.8860200,10.5973629
2017870938,45.9121253,10.6132650
2018373130,45.8892813,10.5981683
2018373146,45.8899768,10.5981636
2018373147,45.8901084,10.5984676
2018656055,45.8884492,10.5993883
2018656058,45.8894735,10.6003877
2028389254,45.9161369,10.6044418
2060457732,46.0944783,11.1190199
2060457735,46.0945173,11.1196994
2069729617,45.9495545,10.6471635
2070850216,46.0629723,10.9905347
2079120874,46.1470562,11.1111034
2079120918,46.1496025,11.1110064
2079121744,46.1625494,11.1102503
2079121763,46.1630140,11.1108514
2096805946,46.0923297,11.1176651
2118351153,46.2076105,11.1285562
2175692578,46.1822204,11.8406354
2202380463,46.0463360,10.9529990
2205624368,46.3126013,11.6024982
2205624372,46.3124012,11.6032922
2211982676,46.0643102,11.5072104
2235776606,46.0480506,11.1278103
2238537144,46.0502101,11.1354666
2239834907,46.0906550,11.1137388
2239834910,46.0906729,11.1141413
2245129113,46.0251700,11.1114453
2245129114,46.0253009,11.1109294
2260080689,46.0738019,11.3881820
2260080690,46.0735711,11.3892281
2260080691,46.0741619,11.3902699
2262104895,46.3654771,11.0742158
2262105415,46.3700145,11.1077299
2273746292,46.0550821,11.4736773
2273746296,46.0549706,11.4736500
2273746302,46.0550840,11.4730307
2273746307,46.0551238,11.4741546
2273746317,46.0551735,11.4732082
2273746326,46.0552215,11.4722536
2273746331,46.0552546,11.4726675
2273746335,46.0552675,11.4718400
2273746346,46.0553152,11.4722938
2273746350,46.0556226,11.4717640
2273746354,46.0553791,11.4718520
2273746387,46.0559163,11.4719855
2273746414,46.0560588,11.4741498
2273800913,46.3940727,11.0337202
2275120557,46.0732438,11.1174583
2285081788,46.4157656,11.0831241
2285081899,46.4183830,11.0866336
2285081917,46.4185731,11.0888060
2285120815,46.4184064,11.0859860
2298692290,45.8890689,10.8423307
2317476072,46.0557597,11.5215710
2362416936,46.3660431,10.9454001
2364271167,46.2044568,10.8128738
2364271171,46.2353121,10.8246190
2364540935,46.1721945,11.0084951
2379112597,46.0744116,11.5069436
2379112607,46.0745467,11.5069109
2379112620,46.0747037,11.5069009
2387189115,46.2639889,10.9529468
2388993288,46.1707576,11.8240285
2389289084,46.2076784,11.8575791
2390850736,46.0858990,11.0656599
2390854076,46.0882709,11.0657967
2390855639,46.0865492,11.0638037
2395088734,46.0232980,10.8193350
2395088735,46.0235354,10.8188745
2395088736,46.0235718,10.8191475
2398242915,46.4831091,11.1481037
2399187116,46.0177395,10.8112808
2400507214,46.0152441,10.8109198
2400964094,46.0056684,11.3874764
2407058115,46.1543815,10.9341431
2413677824,46.0369754,10.7956064
2417377194,46.2631265,10.6455767
2428697254,46.1502232,11.7963760
2431204318,46.3061920,10.8633118
2435627814,46.3993549,11.6100288
2436763639,45.9478179,11.0291186
2483169115,46.2854881,11.4390542
2483724080,46.0428992,11.5545450
2487115297,45.9321627,10.8192936
2487115303,45.9327087,10.8197822
2487948673,45.9769303,10.5407140
2487948924,45.9852640,10.5323442
2487951431,45.9900286,10.5319632
2488175899,46.0316979,10.5131069
2488843147,46.1777343,10.7716448
2495183249,45.9412689,10.6385033
2500120367,46.2052828,10.7526211
2501515181,45.9381485,10.6379434
2506083975,45.9415680,10.6404459
2508027952,45.7554651,11.0038354
2510196067,46.1671256,10.7622868
2510197462,46.1710875,10.7461239
2510206809,46.2921688,10.7668003
2513379043,46.0428642,11.5501605
2518516173,45.7601005,11.0070138
2518516176,45.7606848,11.0074931
2518516184,45.7549131,11.0008873
2518516188,45.7584916,10.9965160
2518516190,45.7592586,10.9971250
2518516208,45.7540182,10.9971757
2534761424,46.0157765,11.6351328
2535780583,46.2190311,11.8849345
2535780584,46.2191767,11.8854536
2535780592,46.2197390,11.8858574
2535780609,46.2202757,11.8864957
2539436847,45.9933160,10.9719952
2557039211,46.0558567,10.8836916
2559993939,46.2608050,10.9380490
2559993940,46.2616820,10.9413342
2581639835,46.0173292,11.0471391
2581639836,46.0173532,11.0466998
2595380809,46.2941608,11.4592949
2606213336,46.2210611,10.7396172
2628202055,46.0335924,10.7269556
2665778994,46.2025387,11.1221999
2665779082,46.2029720,11.1235149
2692798323,46.3158005,10.8009838
2692798677,46.3208188,10.8372502
2718919531,46.0565726,11.4649102
2718919614,46.0567425,11.4643818
2729901438,46.0154367,11.6253753
2729901446,46.0154573,11.6256703
2735901067,45.8870074,10.8445421
2741634979,46.1279554,11.0618821
2741637371,46.1283315,11.0597484
2741637372,46.1275898,11.0610708
2741639814,46.1185478,11.0544993
2742588178,46.1200936,11.0549513
2782160558,46.0635845,11.1230672
2795352672,46.0536604,11.4619762
2795352873,46.0553080,11.4638070
2805965909,46.0401823,10.7478751
2805965963,46.0424158,10.7541629
2805965969,46.0425074,10.7637235
2805971663,46.0345829,10.7497659
2836282765,46.0060998,11.3797664
2866864833,45.7580874,11.0065325
2879535393,46.0526388,11.5403624
2894201252,45.9164748,10.8377487
2894201678,45.9358556,10.8113484
2894406793,46.0885372,11.1103036
2895125304,46.1185289,11.4990203
2895125311,46.1192102,11.4984861
2895125312,46.1192057,11.4986344
2905502439,46.0608019,11.5520186
2905502869,46.0616685,11.5512438
2905503047,46.0608584,11.5531983
2906288785,46.0153656,11.4449143
2906289321,46.0154830,11.4445206
2927650743,46.0752545,11.4747859
2927650752,46.0754459,11.4750183
2938946451,46.0083984,11.4184355
2960191965,46.0855853,11.1110743
2960332186,46.3217100,10.7730393
2960332275,46.3219305,10.7736033
2968095589,46.1259877,11.2495274
2968147034,46.2914885,11.4625561
2968147067,46.2892069,11.4593866
2968147349,46.2918280,11.4616354
2989519691,46.0101109,10.5137618
2990436209,46.0883177,11.0696573
2991533735,46.0333640,11.1248235
3022647250,46.0095342,11.6253502
3039881728,46.0667694,11.5013185
3039881731,46.0669322,11.5011776
3055396502,45.8471296,10.8633955
3055399562,45.8461878,10.8630633
3075301486,46.1528408,11.8019417
3079076083,46.0842080,11.5504473
3108065827,46.1324930,11.2821786
3125301870,46.0587945,10.7514994
3126660783,46.0663785,11.6024785
3126990613,46.1329843,11.1289212
3128124435,46.0885973,11.1187804
3128124436,46.0884710,11.1181221
3128244196,46.0870594,11.1173658
3128250446,46.0877223,11.1170008
3139606069,46.3168404,10.9594444
3205895427,45.9927547,10.9269545
3205942871,45.9930073,10.9267451
3205950450,46.0241563,10.9440677
3215544835,46.0646601,11.1276042
3228146961,46.1746629,11.8307510
3228146962,46.1750690,11.8372214
3228699907,46.2827390,11.4402579
3234670912,46.0694725,11.6232167
3249561392,45.9993397,11.3989007
3260383060,46.0028813,11.4207413
3265964955,46.0350128,11.4512745
3277321431,46.0280978,11.3747599
3278640297,46.0329962,11.3916225
3278995640,46.0438198,11.4230300
3283708469,46.1559452,11.8095849
3283832450,46.2623002,11.8027292
3284239765,45.8834592,10.8387043
3284239766,45.8836553,10.8387365
3326962816,45.7582347,11.0058240
3326962818,45.7585170,11.0063269
3382157062,46.0499050,11.4060454
3409385911,46.2827100,11.5547427
3409385916,46.2821855,11.5531013
3409385964,46.2839594,11.5532730
3409385988,46.2824464,11.5604011
3409385992,46.2838667,11.5536672
3409387814,46.2823894,11.5537370
3409387815,46.2840595,11.5534071
3439858891,46.0745345,11.1073842
3506594124,45.9479677,10.9005045
3508736287,46.0666158,11.4327589
3541308579,46.0408389,11.4641829
3567026263,46.0702582,11.4804678
3607348701,46.0522384,11.4583408
3607348702,46.0522779,11.4584241
3607348704,46.0524911,11.4582370
3607348705,46.0525020,11.4584644
3607348708,46.0526395,11.4582718
3607348710,46.0528839,11.4584204
3607348711,46.0529017,11.4580774
3607348714,46.0529946,11.4581379
3607348715,46.0532212,11.4579472
3607707649,46.0537919,11.4560036
3629033978,46.3204105,11.0665123
3629033979,46.3201765,11.0665062
3634504551,46.0531473,11.4585763
3634504556,46.0531971,11.4584611
3634504573,46.0536691,11.4586154
3634504575,46.0537194,11.4581883
3647380459,46.0539667,11.4543646
3647380465,46.0541169,11.4544649
3647384611,46.0552679,11.4544101
3647384681,46.0559422,11.4545592
3649634385,46.0420318,11.4161335
3649636660,46.0422964,11.4166173
3649638888,46.0466081,11.4202548
3649638891,46.0466605,11.4200420
3659274757,45.9400049,11.2689483
3686166101,46.0624646,11.5237633
3686170380,46.0628927,11.5238055
3686170441,46.0677413,11.5221068
3687983873,46.2864113,11.4535514
3699717797,46.0407525,11.0072224
3699718155,46.0456601,10.9859061
3708885836,46.2472789,11.0680764
3710214970,46.3986252,11.6666042
3713801634,46.0630220,10.7124579
3715635051,46.1215759,10.7536853
3719745898,46.0724321,11.4933985
3720658251,45.7297835,10.9386557
3720658257,45.7301595,10.9389299
3720658274,45.7306926,10.9388678
3720658309,45.7352925,10.9394496
3720659841,45.7400455,10.9539132
3720659867,45.7429528,10.9531865
3720671752,45.7339096,10.9567218
3727811497,46.2049377,10.7314120
3737247967,45.7514169,10.9983456
3737248012,45.7522459,10.9994152
3759031971,45.9020373,11.0272668
3759031972,45.9028918,11.0269394
3759060560,45.7442619,10.9752468
3759967757,46.0063255,10.5121872
3786208428,45.9491590,10.6469501
3797996310,46.0519254,11.4558264
3797996312,46.0519885,11.4536720
3797996313,46.0520597,11.4560651
3797996314,46.0522973,11.4561101
3797996315,46.0526160,11.4560213
3797996316,46.0529426,11.4559321
3797997876,46.0516654,11.4547499
3797997877,46.0517468,11.4539060
3797997882,46.0517740,11.4554621
3797997883,46.0517754,11.4541818
3797997884,46.0517940,11.4552830
3803732658,46.0109349,11.1389992
3819819520,46.0700038,11.1833445
3819830408,46.1330735,11.1351444
3825206405,46.3091295,10.7408868
3840753151,46.0534930,11.4594259
3849547797,46.0521263,11.4929380
3849547798,46.0522343,11.4930243
3852571330,46.0523835,11.4527671
3852571333,46.0524302,11.4534694
3852571335,46.0525037,11.4532390
3879840184,46.1303790,11.1211685
3882420539,45.9299282,11.2482331
3889633032,46.0647203,11.5034166
3889633565,46.0653454,11.5101392
3897969888,46.0647492,11.5065366
3897969889,46.0648430,11.5063732
3897969890,46.0649638,11.5062790
3897969891,46.0650540,11.5065564
3897969892,46.0653016,11.5068563
3900166818,46.0495853,11.0848237
3900168404,45.9179876,11.1762738
3901176792,46.0538439,11.5393967
3909185462,46.0701658,11.4915552
3909471960,46.0523240,11.4931959
3909548164,46.0664028,11.5234259
3909548165,46.0664230,11.5232295
3909548167,46.0666163,11.5233581
3909548171,46.0670644,11.5232597
3911311424,46.0517399,11.4976199
3911311428,46.0517486,11.4978493
3916612693,46.0564779,11.5346183
3917033893,46.0577183,11.5309678
3917465674,46.0506124,11.4575485
3917465675,46.0506896,11.4579378
3917465679,46.0507694,11.4583827
3917465684,46.0508897,11.4591027
3917465690,46.0509027,11.4570086
3917465696,46.0511943,11.4587479
3917465699,46.0514230,11.4587350
3918578875,46.0473329,11.4571306
3918578878,46.0474382,11.4567875
3918579160,46.0469679,11.4577084
3918579164,46.0470370,11.4580956
3918579165,46.0471004,11.4584993
3918579166,46.0471464,11.4588422
3920799730,46.0768239,11.5742919
3925726745,46.1646651,11.3011442
3927713364,46.0286112,11.1648222
3931219936,46.0653770,11.6304227
3931299287,46.0533912,11.4549681
3932212919,46.0547279,11.4603076
3932215840,46.0548139,11.4602473
3932218003,46.0550937,11.4626188
3932219411,46.0543285,11.4602397
3932219427,46.0544055,11.4600608
3932219652,46.0545005,11.4603162
3932219763,46.0550645,11.4624889
3932908818,46.0514355,11.4557231
3932910310,46.0516162,11.4561903
3932910330,46.0519134,11.4568289
3932910388,46.0518732,11.4565893
3933690297,46.0532805,11.4628976
3933690692,46.0528487,11.4623951
3933692267,46.0533084,11.4627204
3933692270,46.0533425,11.4625042
3934048231,46.0531129,11.4640112
3934054189,46.0525680,11.4642056
3934054192,46.0527394,11.4631234
3934054196,46.0527494,11.4627989
3934054768,46.0521532,11.4629707
3934054779,46.0522145,11.4631195
3934054838,46.0529306,11.4633652
3934055427,46.0526861,11.4629525
3934055440,46.0529206,11.4635255
3934055444,46.0530156,11.4638519
3934055448,46.0530436,11.4643951
3934055467,46.0534381,11.4634261
3937760695,46.0663918,11.2538879
3938156112,46.0637706,11.5070430
3938156562,46.0633688,11.5070020
3939371875,46.0655089,11.5227552
3954234596,46.0653551,11.5010379
3954234599,46.0654339,11.5009337
3954236423,46.0668138,11.5019398
3964411263,46.0172735,11.2270838
3964480563,46.0252531,11.2285289
3972362240,46.0560406,11.5253374
3972363502,46.0590678,11.5250661
3974934118,46.0570913,11.4554105
3977877170,46.0174915,11.2268403
3978703196,46.0725211,11.4712308
3978703217,46.0735970,11.4706708
3980539572,46.0827077,11.2307806
3980929674,46.0858998,10.7284741
3994264426,46.0710941,11.4795040
3994264450,46.0713583,11.4790815
3994264569,46.0709251,11.4795432
3994264570,46.0709337,11.4793792
3994264572,46.0710098,11.4794860
3994264574,46.0710381,11.4793325
3994264601,46.0714969,11.4789023
3994282867,46.0701796,11.4772927
3994282868,46.0701947,11.4774275
3994282869,46.0702881,11.4776320
3994282870,46.0703245,11.4774490
3994282871,46.0704430,11.4779469
3994282872,46.0704657,11.4776161
4000849177,46.0441349,11.5527555
4000850514,46.0436568,11.5528775
4000850526,46.0440427,11.5528583
4015355004,46.0510492,11.4448475
4028996204,46.0531035,11.4547468
4028996205,46.0532357,11.4541514
4028996207,46.0534902,11.4621773
4028996211,46.0538310,11.4539258
4028996705,46.0528855,11.4625798
4033506181,46.0594872,11.2493750
4043602358,46.0504502,11.4094580
4043602360,46.0504624,11.4097143
4043602368,46.0510559,11.4101392
4043602405,46.0508881,11.4096078
4043602406,46.0509065,11.4102364
4043602499,46.0503674,11.4095309
4058719773,46.0411081,11.4623380
4065649518,46.1129158,11.6197040
4065649520,46.1132244,11.6195806
4065650374,46.1138901,11.6191085
4072260635,46.0726913,11.4489494
4072272735,46.0729469,11.4497198
4072273294,46.0728539,11.4498083
4072300802,46.0714429,11.4479939
4072304392,46.0718320,11.4488892
4074235038,46.0702867,11.4712948
4074235046,46.0703863,11.4715336
4074235084,46.0700228,11.4728689
4074236251,46.0686241,11.4716622
4074236389,46.0698952,11.4704067
4074236394,46.0699740,11.4719529
4074236408,46.0701692,11.4718140
4074236412,46.0702488,11.4712818
4077221116,46.0226655,10.8321878
4083522147,46.0722554,11.4779351
4107893590,45.7392911,11.0652441
4107893594,45.7391956,11.0651609
4107893595,45.7393669,11.0652897
4107990758,45.7698336,11.0010145
4112385833,46.0714351,11.4963273
4112385834,46.0714230,11.4935442
4112389612,46.0717793,11.4935887
4121422560,46.1905934,11.1314048
4126906108,46.0548465,11.4716742
4126906109,46.0549805,11.4721033
4126906112,46.0560285,11.4708963
4127970934,46.0527025,11.4548006
4127975969,46.0511454,11.4569323
4127975970,46.0511518,11.4627845
4127975974,46.0513119,11.4632029
4127975980,46.0514004,11.4568411
4127976165,46.0511816,11.4635865
4127976304,46.0548624,11.4566847
4128988711,46.0565196,11.4698761
4143245805,46.0672865,11.4930065
4146466939,46.0669234,11.6522172
4146466940,46.0669947,11.6519496
4147445318,46.0559382,11.4614585
4147445326,46.0561197,11.4617602
4147445328,46.0561606,11.4621545
4149804271,46.0689521,11.6144408
4168037431,46.2871712,11.0345747
4168037436,46.2871888,11.0349905
4187063654,46.1165940,11.5181133
4187063657,46.1178674,11.5169620
4197827980,46.3433331,11.1232947
4200145767,46.0581696,11.5232232
4200233237,46.0583977,11.4547571
4200251204,46.0072620,11.6550148
4200691161,46.0494944,11.4681286
4209689112,46.0682516,11.5113771
4209704251,46.0694349,11.5092771
4209704583,46.0700281,11.5091182
4211972783,45.9732992,10.8865817
4213508938,46.1183958,11.4992135
4213508939,46.1187171,11.4989027
4213510462,46.1196392,11.4985705
4214487444,46.0551632,11.4737043
4214487451,46.0552746,11.4739475
4214487463,46.0553078,11.4737685
4214487479,46.0553474,11.4735549
4214487846,46.0561315,11.4736997
4217197501,46.0520040,11.4510436
4217197503,46.0520170,11.4503301
4217197512,46.0521268,11.4509444
4217197513,46.0521399,11.4502980
4217197514,46.0521845,11.4498795
4217197515,46.0521994,11.4499761
4217197516,46.0522441,11.4509390
4221671204,46.1855186,11.0363024
4225337772,46.0594772,11.5217255
4232400624,46.0537987,11.4822005
4232404973,46.0536822,11.4821705
4232406412,46.0537359,11.4821838
4246108556,46.0578139,11.5105344
4246719294,45.8435612,10.5850877
4259333080,46.2473206,11.0680450
4265824092,46.0317696,11.4555902
4266794988,46.0523803,11.4924337
4266795299,46.0525622,11.4932623
4276907423,45.9973322,11.2647436
4294950035,46.0804431,11.5538666
4294950130,46.0803903,11.5545450
4294950141,46.0804962,11.5539739
4296613857,46.0558531,11.5249486
4307872042,46.3905725,10.7841997
4314637867,46.3764999,11.6721996
4315036026,46.2805932,11.6494521
4319290993,46.2601697,10.9441544
4320817785,46.0506420,11.4070841
4325903058,46.0364403,11.5234435
4327806925,46.0451814,11.4226960
4327813269,46.0586406,11.2298572
4327813274,46.0580226,11.2314826
4327822953,46.0511271,11.4836210
4328884924,46.0685182,10.7217403
4328885120,46.0720333,10.7219441
4329414862,46.0497842,11.4057990
4334271353,46.0737613,11.4437299
4334274835,46.0797875,11.4440382
4337096288,46.4412704,11.1794042
4340792669,45.9203929,10.8938320
4344796270,46.0140659,11.6237586
4344796490,46.0145431,11.6321940
4344796491,46.0146211,11.6317552
4349634665,46.1094136,11.3010382
4349634672,46.1086211,11.3009445
4353884048,46.0164075,11.0476138
4356462449,46.2298636,10.8270388
4359182669,46.0455643,11.4928911
4360116193,46.4071768,10.8026666
4361332638,46.0699315,11.4840558
4361332639,46.0699419,11.4837690
4377405792,46.3168884,11.6540108
4377416724,46.2339082,11.8077596
4377865635,46.0512536,11.4445246
4377865636,46.0514974,11.4455679
4382407767,45.8737237,10.9065233
4382415223,46.2539897,11.8098071
4394490928,46.4453886,11.1449567
4410455361,46.1138513,11.0392077
4427379809,46.0656768,11.6091754
4427379813,46.0657754,11.6092073
4433370292,46.1060794,11.6184069
4436682137,46.0684738,11.6099356
4436682146,46.0686687,11.6107832
4436682150,46.0687773,11.6105039
4436682157,46.0688260,11.6108503
4436682167,46.0690455,11.6098136
4437914622,45.9683744,11.2205548
4441138490,46.0670258,11.4997264
4441138496,46.0671132,11.5000295
4441313801,46.0699912,10.7454597
4441343448,46.0413672,10.7613659
4441374984,46.0732150,11.3741124
4444579648,46.1485093,11.5195653
4444733710,46.0553852,11.1319721
4470384322,46.0425510,11.5286958
4491450801,46.4162119,11.0855929
4498320546,46.0547927,11.5393083
4512507307,46.0680210,11.6047169
4512507308,46.0679789,11.6056388
4512507309,46.0681282,11.6048697
4514088349,46.0532032,11.4112052
4514088379,46.0508571,11.4075678
4517777709,46.0783611,11.5543688
4517777710,46.0782141,11.5542615
4524888843,46.0680806,11.2487689
4525177558,46.1353571,11.2493913
4539621586,45.9400125,11.2684021
4539852180,46.0097662,11.6188970
4557760199,46.2068235,11.1004702
4557760200,46.2074927,11.1007425
4570309325,46.0373408,11.5570235
4570794515,46.0339701,11.5760954
4583246808,46.1886497,10.8274141
4585667267,46.1651940,11.7484415
4589621161,46.0634353,11.5243588
4589621162,46.0632622,11.5241053
4589621163,46.0635423,11.5238880
4589621164,46.0634781,11.5239725
4589621165,46.0637013,11.5242823
4589621166,46.0637684,11.5240771
4589621345,46.0612412,11.5250426
4589621346,46.0608016,11.5251432
4589688341,46.0633960,11.5233364
4589688342,46.0636855,11.5236948
4589688346,46.0628695,11.5231482
4591374876,46.0743862,11.2511166
4592268703,46.0742307,11.2503487
4596259528,46.0504816,11.4836707
4596259529,46.0507927,11.4839403
4596263345,46.0505045,11.4853067
4596263346,46.0506775,11.4848247
4596263348,46.0504319,11.4848694
4596263349,46.0505552,11.4841939
4596263367,46.0512405,11.4838788
4596334595,46.0525297,11.5229113
4609429347,46.0631804,11.5028430
4610371669,46.0145815,11.3140885
4610371676,46.0144589,11.3139449
4610379539,46.0143091,11.3138195
4612451794,46.0560730,11.5127858
4616607314,46.0512040,11.4588415
4622419964,46.0668119,11.5220530
4622419965,46.0672053,11.5232990
4623662847,46.0526496,11.4938603
4623662848,46.0526423,11.4937153
4640429629,46.0541133,11.4529232
4640429630,46.0539722,11.4534245
4640429633,46.0529288,11.4521707
4640429634,46.0530187,11.4525431
4640429637,46.0531130,11.4529393
4640429638,46.0532037,11.4533342
4640429639,46.0532625,11.4535696
4640429640,46.0533585,11.4539321
4679876132,46.0479034,11.4604011
4680564977,46.0557334,11.4625116
4709670943,46.0521307,11.4941561
4709670944,46.0518832,11.4937737
4709671409,46.0524612,11.4930175
4709671411,46.0522523,11.4943678
4709671493,46.0523891,11.4943126
4709671494,46.0523726,11.4944027
4709671495,46.0522640,11.4942867
4709671507,46.0516383,11.4960194
4709671520,46.0516718,11.4955921
4716564006,46.0604999,11.5529193
4751825232,46.2578647,10.6039864
4761558925,45.9333705,10.8362392
4796776079,45.9498198,11.2096978
4823444128,46.1906222,11.9420823
4823766516,46.0796089,11.5434122
4880629730,46.0433532,11.5212062
4880630933,46.0447038,11.5258909
4904406004,46.0949192,11.4979896
4917689747,45.8780026,10.8933723
4921694208,46.2871678,11.5619936
4946829755,46.0611615,11.5353190
4960231541,46.0322324,10.5132830
4965885901,46.0504818,11.4594403
4965885904,46.0501674,11.4591131
4965885988,46.0504637,11.4593304
4978897851,46.1912532,11.2601632
4982773124,46.0635976,11.1189459
5001905080,46.0505744,11.4926500
5001907461,46.0504751,11.4926698
5014870188,46.0524634,11.4507187
5014870189,46.0523977,11.4501971
5030166947,46.0840573,11.5186731
5044944455,46.2863815,11.0628220
5046669089,45.9996740,11.3200999
5046672188,45.9997152,11.3147724
5077450509,46.0539368,11.3414526
5077450605,46.0536986,11.3412032
5095352755,46.0549308,11.4955375
5095701797,46.0439728,11.5509948
5095701798,46.0442055,11.5507078
5095701799,46.0443833,11.5505040
5111588223,45.8542115,10.9347973
5111592159,45.8684313,10.9068883
5111592740,45.8680443,10.9134900
5137707859,46.0776321,11.1168934
5148179350,45.9124043,10.8422523
5149260124,46.3510414,10.9095170
5149944390,45.9401155,10.6485509
5149944391,45.9403077,10.6506968
5152059785,46.3512109,10.9096442
5160270503,46.2567866,11.5137136
5194568898,45.8671386,11.0206989
5194568899,45.8670634,11.0204280
5243342708,46.3253469,10.8748698
5243364027,46.3225989,10.8611419
5289370792,46.0520084,11.4925817
5296243731,46.0368009,11.5234145
5303538549,46.0440446,11.5541276
5303538645,46.0441576,11.5618593
5303538755,46.0444739,11.5624208
5312451193,46.0546383,11.4733582
5312451194,46.0541679,11.4731204
5312451195,46.0541639,11.4732823
5312451350,46.0544184,11.4727336
5314545821,46.0084310,11.4318446
5332680893,45.9527686,11.2621059
5343541911,46.1188047,11.6888462
5343541912,46.1188931,11.6873283
5343541913,46.1185498,11.6883273
5343541914,46.1187290,11.6884818
5356593875,46.0028722,11.2819685
5360547155,46.0794281,11.5695746
5360660469,46.0808536,11.5719120
5360660470,46.0812276,11.5714386
5373036052,46.0415348,11.4166832
5375815610,46.0522039,11.4491540
5401049598,46.0338786,10.8699427
5406973238,46.0549517,10.8445650
5414861637,46.0052910,11.2912175
5414861638,46.0051382,11.2906757
5414900369,46.0039694,11.2893505
5474058881,46.0665092,11.5293078
5474059651,46.0664294,11.5324616
5478483763,46.0177859,11.5873870
5494948536,46.0748829,11.4509806
5561650422,46.2064980,11.0999400
5572787153,45.9003924,11.0450930
5591962239,46.0673317,11.5228128
5609930335,46.0190860,11.3754040
5629462038,45.8443635,11.0126018
5640370766,46.0193319,11.3560411
5640370767,46.0192611,11.3572776
5645853633,46.0368652,11.3981116
5649892504,46.1409821,10.9629890
5662790527,46.0015787,11.2448193
5708882195,46.0906134,11.1979309
5708925199,46.0967556,11.2026653
5708958210,46.0879734,11.1900586
5708958211,46.0875797,11.1902721
5708958214,46.0897524,11.1811476
5719799063,46.0453514,11.4635561
5724126554,46.0024106,10.9801684
5731560145,46.0541619,11.4597069
5734534214,46.0731722,11.4500791
5740923944,45.8987435,10.8386433
5747513314,46.2628205,11.7983173
5749265915,46.3361878,10.7808334
5749265916,46.3348137,10.7759437
5763085567,46.0087171,11.2987538
5772487468,46.0138456,11.3181817
5773604141,46.1740432,11.8303509
5774731831,46.0135685,11.3177005
5803432273,46.0540863,11.4552586
5804936996,45.8953166,11.0265551
5808654959,46.0786847,11.5517399
5808654987,46.0804783,11.5535826
5808773663,46.0818032,11.5586891
5810019939,46.2369797,11.0527316
5826912376,46.0534937,11.4540650
5832944085,46.3391980,10.9079379
5834190495,46.1341370,11.4765105
5834190496,46.1341669,11.4767546
5838705314,46.0089795,11.4239156
5840556548,46.0101152,11.4252839
5867247480,45.9395535,10.8363637
5884506395,45.7035595,10.9820589
5894844387,46.0488992,11.4644543
5896856764,46.0779769,11.4845609
5896856767,46.0768944,11.4838972
5896856771,46.0768211,11.4843202
5896856782,46.0786300,11.4811780
5896856899,46.0784900,11.4770652
5903321669,46.2121837,11.0475656
5903769917,46.0394732,11.3006219
5907768382,46.0569090,11.5293434
5907768383,46.0570195,11.5294529
5907768384,46.0568499,11.5292514
5908186064,46.0664858,11.5240865
5908187210,46.0655178,11.5231123
5908187239,46.0656543,11.5245187
5908187242,46.0655156,11.5233476
5908187291,46.0672435,11.5242425
5916557398,46.0537235,11.4020698
5942552138,46.1686028,10.7148094
5961749312,46.0622865,10.7124545
5968558735,46.0157893,10.8156270
5968558736,46.0157450,10.8158471
5968558988,46.0150143,10.8203862
5968558994,46.0151359,10.8178831
5968593340,46.0366535,10.7319136
5971388586,46.0336602,10.7994314
5971388587,46.0331736,10.8001529
5986782903,46.2666826,11.4815469
6046177507,45.9264583,10.8981629
6103798687,46.0716687,11.1211988
6103798688,46.0717989,11.1212820
6125640580,46.3415136,11.1037499
6125640597,46.3428782,11.1073548
6125640968,46.3492975,11.1108068
6125641080,46.3441707,11.1129686
6146229465,46.0795568,10.7230371
6146229492,46.0804871,10.7199392
6146229493,46.0818638,10.7223183
6176542412,46.0834340,11.1750457
6181124862,46.2478789,11.0493493
6206503133,46.2594455,11.0841724
6217483352,46.4469147,11.6406918
6217483353,46.4464287,11.6411103
6241311025,46.0552364,10.8639152
6251382485,45.9417324,11.1100023
6252297655,46.4216605,11.0876271
6252297827,46.4206380,11.0898828
6252297963,46.4174132,11.0855430
6262047494,45.9327871,11.0943201
6298752218,46.0544371,11.4516351
6298752219,46.0543221,11.4520457
6341426176,46.3158006,10.8019772
6351164078,46.3225472,11.0666093
6354382204,46.0225367,11.3649962
6354543529,46.0223016,11.3661579
6357758903,46.0548964,11.5254757
6357758984,46.0547491,11.5255562
6357759289,46.0547648,11.5254603
6360823435,46.0628792,11.2325415
6374008771,46.0622939,11.0798299
6397060068,46.2878154,11.5110140
6441012007,46.0456211,11.5517718
6441012068,46.0442762,11.5508114
6452949494,46.3191814,11.0992116
6452949570,46.3208615,11.0935307
6452949571,46.3201706,11.0942844
6452949572,46.3197741,11.0958910
6452949573,46.3194000,11.0967252
6452950019,46.3212579,11.0951936
6452950020,46.3206948,11.0953438
6478298074,46.0856920,10.9913434
6479014583,46.3206744,11.0922512
6512960148,46.0720659,11.4842363
6512960154,46.0718825,11.4837178
6512976706,46.0719906,11.4766202
6513578491,46.0745072,11.4770542
6513578492,46.0743487,11.4768821
6513978888,46.0803699,11.1132368
6518604925,45.8701873,11.2283197
6518604926,45.8708204,11.2315786
6535705614,46.4055166,11.1393481
6536696656,46.2200769,11.0845077
6536696657,46.2203868,11.0842743
6547898797,46.1684114,11.7098205
6552344104,45.8705224,10.8755515
6560973178,45.8715527,10.7748459
6569428191,46.0687892,11.4780894
6569428194,46.0687908,11.4779479
6569428195,46.0685045,11.4779291
6569428201,46.0685376,11.4778534
6569585409,46.0672427,11.4932366
6569585422,46.0699336,11.4845493
6569585423,46.0700003,11.4838436
6569626976,46.0647299,11.4773432
6582123506,46.0543473,11.4730391
6582123507,46.0542095,11.4729452
6582123521,46.0547600,11.4733864
6583486980,46.0504303,11.4056581
6583535448,46.0445746,11.4066111
6584010158,46.1498153,11.2706716
6589138846,46.0680135,11.4353729
6589138853,46.0685260,11.4357216
6589138874,46.0690950,11.4370645
6589341069,46.0775558,11.4569055
6591719461,46.0147806,11.2637826
6593002881,46.0687632,11.4711358
6609231835,46.0162590,11.6327803
6609375502,46.0152081,11.6327900
6616042817,45.9406635,10.9165496
6617786970,45.9078418,11.0126057
6644330136,46.0782276,11.4894302
6660235814,46.0634357,11.5208378
6690935144,45.9813633,11.0658682
6690935145,45.9810708,11.0640398
6691826517,45.8805010,11.0107684
6700383929,45.7992884,10.9137539
6708022363,45.8516171,11.1018778
6708022369,45.8554096,11.1028404
6709798570,46.4766373,11.7727693
6718337477,46.2842072,11.0364962
6718339196,46.2880997,11.0296673
6718339223,46.2867392,11.0351443
6720512373,46.0805277,11.5245313
6720516418,46.0831214,11.5253175
6720516450,46.0831786,11.5253136
6738798176,46.3230677,11.0727462
6749204032,46.0826618,11.5226600
6780955753,46.0595155,11.5178164
6780955754,46.0595706,11.5176025
6780961179,46.0598264,11.5164620
6780961180,46.0600440,11.5166290
6797461457,46.0587675,11.3225579
6805519600,46.2984245,11.0336074
6859086004,46.2486227,11.0686827
6875161786,46.3581244,10.9251899
6875218176,46.3610398,10.9259382
