trainId,sequenceNumber,stationName,stationId,time
80,1,VERONA PORTA NUOVA,S02430,1571389320000
80,2,ROVERETO,S02044,1571391660000
80,3,TRENTO,S02038,1571392620000
80,4,BOLZANO,S02026,1571394660000
80,5,BRESSANONE,S02014,1571396520000
80,6,FORTEZZA,S02011,1571397180000
80,7,BRENNERO,S02001,1571399280000
81,1,BRENNERO,S02001,1571386440000
81,2,FORTEZZA,S02011,1571388240000
81,3,BRESSANONE,S02014,1571388900000
81,4,BOLZANO,S02026,1571390820000
81,5,TRENTO,S02038,1571392920000
81,6,ROVERETO,S02044,1571393820000
81,7,VERONA PORTA NUOVA,S02430,1571396160000
81,8,BOLOGNA C.LE,S05043,1571400900000
82,1,BOLOGNA C.LE,S05043,1571406600000
82,2,VERONA PORTA NUOVA,S02430,1571409900000
82,3,ROVERETO,S02044,1571413260000
82,4,TRENTO,S02038,1571414220000
82,5,BOLZANO,S02026,1571416260000
82,6,BRESSANONE,S02014,1571418120000
82,7,FORTEZZA,S02011,1571418780000
82,8,BRENNERO,S02001,1571420880000
83,1,BRENNERO,S02001,1571415240000
83,2,FORTEZZA,S02011,1571417040000
83,3,BRESSANONE,S02014,1571417700000
83,4,BOLZANO,S02026,1571419620000
83,5,TRENTO,S02038,1571421720000
83,6,ROVERETO,S02044,1571422620000
83,7,VERONA PORTA NUOVA,S02430,1571424960000
84,1,BOLOGNA C.LE,S05043,1571392320000
84,2,VERONA PORTA NUOVA,S02430,1571395620000
84,3,ROVERETO,S02044,1571398860000
84,4,TRENTO,S02038,1571399820000
84,5,BOLZANO,S02026,1571401860000
84,6,BRESSANONE,S02014,1571403720000
84,7,FORTEZZA,S02011,1571404380000
84,8,BRENNERO,S02001,1571406480000
85,1,BRENNERO,S02001,1571393640000
85,2,FORTEZZA,S02011,1571395440000
85,3,BRESSANONE,S02014,1571396100000
85,4,BOLZANO,S02026,1571398020000
85,5,TRENTO,S02038,1571400120000
85,6,ROVERETO,S02044,1571401020000
85,7,VERONA PORTA NUOVA,S02430,1571403480000
85,8,BOLOGNA C.LE,S05043,1571408640000
86,1,VENEZIA SANTA LUCIA,S02593,1571399400000
86,2,VENEZIA MESTRE,S02589,1571400000000
86,3,PADOVA,S02581,1571400960000
86,4,VICENZA,S02446,1571401980000
86,5,VERONA PORTA NUOVA,S02430,1571403600000
86,6,ROVERETO,S02044,1571406060000
86,7,TRENTO,S02038,1571407020000
86,8,BOLZANO,S02026,1571409060000
86,9,BRESSANONE,S02014,1571410920000
86,10,FORTEZZA,S02011,1571411580000
86,11,BRENNERO,S02001,1571413680000
87,1,BRENNERO,S02001,1571400840000
87,2,FORTEZZA,S02011,1571402640000
87,3,BRESSANONE,S02014,1571403300000
87,4,BOLZANO,S02026,1571405220000
87,5,TRENTO,S02038,1571407320000
87,6,ROVERETO,S02044,1571408220000
87,7,VERONA PORTA NUOVA,S02430,1571410680000
87,8,VICENZA,S02446,1571412240000
87,9,PADOVA,S02581,1571413320000
87,10,VENEZIA MESTRE,S02589,1571414280000
87,11,VENEZIA SANTA LUCIA,S02593,1571415000000
88,1,BOLOGNA C.LE,S05043,1571377500000
88,2,VERONA PORTA NUOVA,S02430,1571381220000
88,3,ROVERETO,S02044,1571384460000
88,4,TRENTO,S02038,1571385420000
88,5,BOLZANO,S02026,1571387460000
88,6,BRESSANONE,S02014,1571389320000
88,7,FORTEZZA,S02011,1571389980000
88,8,BRENNERO,S02001,1571392080000
89,1,BRENNERO,S02001,1571408040000
89,2,FORTEZZA,S02011,1571409840000
89,3,BRESSANONE,S02014,1571410500000
89,4,BOLZANO,S02026,1571412420000
89,5,TRENTO,S02038,1571414520000
89,6,ROVERETO,S02044,1571415420000
89,7,VERONA PORTA NUOVA,S02430,1571417880000
89,8,BOLOGNA C.LE,S05043,1571422860000
764,1,ROMA TERMINI,S08409,1571432400000
764,2,ORTE,S08209,1571434740000
764,3,ORVIETO,S08203,1571436660000
764,4,VERONA PORTA NUOVA,S02430,1571455800000
764,5,ROVERETO,S02044,1571461140000
764,6,TRENTO,S02038,1571462100000
764,7,MEZZOCORONA,S02035,1571462880000
764,8,ORA,S02031,1571463900000
764,9,BOLZANO,S02026,1571465100000
1830,1,S.CANDIDO,S02114,1571368860000
1830,2,DOBBIACO,S02113,1571369100000
1830,3,VILLABASSA - BRAIES,S02112,1571369430000
1830,4,MONGUELFO VALLE DI CASIES,S02111,1571369820000
1830,5,VALDAORA - ANTERSELVA,S02110,1571370270000
1830,6,BRUNICO NORD,S02018,1571370630000
1830,7,PERCA,S02060,1571370990000
1830,8,BRUNICO,S02107,1571371140000
1830,9,S.LORENZO,S02016,1571371470000
1830,10,CASTELDARNE,S02105,1571371830000
1830,11,VANDOIES,S02103,1571372400000
1830,12,RIO DI PUSTERIA,S02102,1571372730000
1830,13,FORTEZZA,S02011,1571373240000
1830,14,BRESSANONE,S02014,1571374080000
1830,15,CHIUSA,S02017,1571374560000
1830,16,PONTE GARDENA,S02020,1571374980000
1830,17,BOLZANO,S02026,1571376180000
1830,18,BOLZANO SUD,S02226,1571377170000
1830,19,PONTE D`ADIGE,S02225,1571377470000
1830,20,SETTEQUERCE,S02224,1571377740000
1830,21,TERLANO-ANDRIANO,S02223,1571377890000
1830,22,VILPIANO-NALLES,S02222,1571378130000
1830,23,GARGAZZONE,S02218,1571378370000
1830,24,LANA-POSTAL,S02219,1571378610000
1830,25,MERANO MAIA BASSA,S02217,1571378970000
1830,26,MERANO,S02216,1571379300000
1842,1,S.CANDIDO,S02114,1571377800000
1842,2,DOBBIACO,S02113,1571378040000
1842,3,VILLABASSA - BRAIES,S02112,1571378370000
1842,4,MONGUELFO VALLE DI CASIES,S02111,1571378760000
1842,5,VALDAORA - ANTERSELVA,S02110,1571379270000
1842,6,BRUNICO NORD,S02018,1571379630000
1842,7,PERCA,S02060,1571379990000
1842,8,BRUNICO,S02107,1571380140000
1842,9,S.LORENZO,S02016,1571380590000
1842,10,CASTELDARNE,S02105,1571381070000
1842,11,VANDOIES,S02103,1571381640000
1842,12,RIO DI PUSTERIA,S02102,1571381970000
1842,13,FORTEZZA,S02011,1571382600000
1847,1,FORTEZZA,S02011,1571383200000
1847,2,RIO DI PUSTERIA,S02102,1571383770000
1847,3,VANDOIES,S02103,1571384100000
1847,4,CASTELDARNE,S02105,1571384670000
1847,5,S.LORENZO,S02016,1571385090000
1847,6,BRUNICO,S02107,1571385480000
1847,7,PERCA,S02060,1571385690000
1847,8,BRUNICO NORD,S02018,1571386050000
1847,9,VALDAORA - ANTERSELVA,S02110,1571386470000
1847,10,MONGUELFO VALLE DI CASIES,S02111,1571386860000
1847,11,VILLABASSA - BRAIES,S02112,1571387370000
1847,12,DOBBIACO,S02113,1571387700000
1847,13,S.CANDIDO,S02114,1571388000000
1856,1,S.CANDIDO,S02114,1571390400000
1856,2,DOBBIACO,S02113,1571390640000
1856,3,VILLABASSA - BRAIES,S02112,1571390970000
1856,4,MONGUELFO VALLE DI CASIES,S02111,1571391360000
1856,5,VALDAORA - ANTERSELVA,S02110,1571391870000
1856,6,BRUNICO NORD,S02018,1571392230000
1856,7,PERCA,S02060,1571392590000
1856,8,BRUNICO,S02107,1571392740000
1856,9,S.LORENZO,S02016,1571393190000
1856,10,CASTELDARNE,S02105,1571393670000
1856,11,VANDOIES,S02103,1571394240000
1856,12,RIO DI PUSTERIA,S02102,1571394570000
1856,13,FORTEZZA,S02011,1571395200000
1861,1,FORTEZZA,S02011,1571395800000
1861,2,RIO DI PUSTERIA,S02102,1571396370000
1861,3,VANDOIES,S02103,1571396700000
1861,4,CASTELDARNE,S02105,1571397270000
1861,5,S.LORENZO,S02016,1571397690000
1861,6,BRUNICO,S02107,1571398080000
1861,7,PERCA,S02060,1571398290000
1861,8,BRUNICO NORD,S02018,1571398650000
1861,9,VALDAORA - ANTERSELVA,S02110,1571399070000
1861,10,MONGUELFO VALLE DI CASIES,S02111,1571399460000
1861,11,VILLABASSA - BRAIES,S02112,1571399970000
1861,12,DOBBIACO,S02113,1571400300000
1861,13,S.CANDIDO,S02114,1571400600000
1878,1,S.CANDIDO,S02114,1571410200000
1878,2,DOBBIACO,S02113,1571410440000
1878,3,VILLABASSA - BRAIES,S02112,1571410770000
1878,4,MONGUELFO VALLE DI CASIES,S02111,1571411160000
1878,5,VALDAORA - ANTERSELVA,S02110,1571411670000
1878,6,BRUNICO NORD,S02018,1571412030000
1878,7,PERCA,S02060,1571412390000
1878,8,BRUNICO,S02107,1571412540000
1878,9,S.LORENZO,S02016,1571412990000
1878,10,CASTELDARNE,S02105,1571413470000
1878,11,VANDOIES,S02103,1571414040000
1878,12,RIO DI PUSTERIA,S02102,1571414370000
1878,13,FORTEZZA,S02011,1571415000000
1880,1,BOLZANO,S02026,1571411400000
1880,2,BRESSANONE,S02014,1571412900000
1880,3,FORTEZZA,S02011,1571413440000
1880,4,RIO DI PUSTERIA,S02102,1571414370000
1880,5,VANDOIES,S02103,1571414700000
1880,6,CASTELDARNE,S02105,1571415270000
1880,7,S.LORENZO,S02016,1571415690000
1880,8,BRUNICO,S02107,1571416080000
1880,9,PERCA,S02060,1571416290000
1880,10,BRUNICO NORD,S02018,1571416650000
1880,11,VALDAORA - ANTERSELVA,S02110,1571417070000
1880,12,MONGUELFO VALLE DI CASIES,S02111,1571417460000
1880,13,VILLABASSA - BRAIES,S02112,1571417970000
1880,14,DOBBIACO,S02113,1571418300000
1880,15,S.CANDIDO,S02114,1571418600000
1880,1,BOLZANO,S02026,1571411400000
1880,2,BRESSANONE,S02014,1571412900000
1880,3,FORTEZZA,S02011,1571413440000
1880,4,RIO DI PUSTERIA,S02102,1571414370000
1880,5,VANDOIES,S02103,1571414700000
1880,6,CASTELDARNE,S02105,1571415270000
1880,7,S.LORENZO,S02016,1571415690000
1880,8,BRUNICO,S02107,1571416080000
1880,9,PERCA,S02060,1571416290000
1880,10,BRUNICO NORD,S02018,1571416650000
1880,11,VALDAORA - ANTERSELVA,S02110,1571417070000
1880,12,MONGUELFO VALLE DI CASIES,S02111,1571417460000
1880,13,VILLABASSA - BRAIES,S02112,1571417970000
1880,14,DOBBIACO,S02113,1571418300000
1880,15,S.CANDIDO,S02114,1571418600000
1885,1,FORTEZZA,S02011,1571415600000
1885,2,RIO DI PUSTERIA,S02102,1571416170000
1885,3,VANDOIES,S02103,1571416500000
1885,4,CASTELDARNE,S02105,1571417070000
1885,5,S.LORENZO,S02016,1571417490000
1885,6,BRUNICO,S02107,1571417880000
1885,7,PERCA,S02060,1571418090000
1885,8,BRUNICO NORD,S02018,1571418450000
1885,9,VALDAORA - ANTERSELVA,S02110,1571418870000
1885,10,MONGUELFO VALLE DI CASIES,S02111,1571419260000
1885,11,VILLABASSA - BRAIES,S02112,1571419770000
1885,12,DOBBIACO,S02113,1571420100000
1885,13,S.CANDIDO,S02114,1571420400000
2251,1,BOLZANO,S02026,1571367600000
2251,2,ORA,S02031,1571368260000
2251,3,MEZZOCORONA,S02035,1571369040000
2251,4,TRENTO,S02038,1571369760000
2251,5,ROVERETO,S02044,1571370600000
2251,6,ALA,S02049,1571371200000
2251,7,DOMEGLIARA,S02055,1571372400000
2251,8,VERONA PORTA NUOVA,S02430,1571373600000
2251,9,ISOLA DELLA SCALA,S05307,1571375820000
2251,10,NOGARA,S05310,1571376420000
2251,11,OSTIGLIA,S05304,1571377320000
2251,12,POGGIO RUSCO,S05308,1571377740000
2251,13,MIRANDOLA,S05311,1571378160000
2251,14,S.FELICE SP,S05313,1571378520000
2251,15,CREVALCORE,S05316,1571379060000
2251,16,SAN GIOVANNI IN PERSICETO,S05319,1571379480000
2251,17,OSTERIA NUOVA,S05302,1571379840000
2251,18,BOLOGNA C.LE,S05043,1571380680000
2252,1,VERONA PORTA NUOVA,S02430,1571377800000
2252,2,DOMEGLIARA,S02055,1571378700000
2252,3,ALA,S02049,1571379900000
2252,4,ROVERETO,S02044,1571380680000
2252,5,TRENTO,S02038,1571381520000
2252,6,MEZZOCORONA,S02035,1571382240000
2252,7,ORA,S02031,1571383080000
2252,8,BOLZANO,S02026,1571383800000
2252,9,PONTE GARDENA,S02020,1571384820000
2252,10,CHIUSA,S02017,1571385240000
2252,11,BRESSANONE,S02014,1571385720000
2252,12,FORTEZZA,S02011,1571386440000
2252,13,CAMPO DI TRENS,S02007,1571387190000
2252,14,VIPITENO,S02006,1571387520000
2252,15,COLLE ISARCO,S02005,1571387910000
2252,16,BRENNERO,S02001,1571388720000
2253,1,BRENNERO,S02001,1571371680000
2253,2,COLLE ISARCO,S02005,1571372370000
2253,3,VIPITENO,S02006,1571372760000
2253,4,CAMPO DI TRENS,S02007,1571373090000
2253,5,FORTEZZA,S02011,1571373840000
2253,6,BRESSANONE,S02014,1571374440000
2253,7,CHIUSA,S02017,1571374920000
2253,8,PONTE GARDENA,S02020,1571375340000
2253,9,BOLZANO,S02026,1571376540000
2253,10,ORA,S02031,1571377320000
2253,11,MEZZOCORONA,S02035,1571378100000
2253,12,TRENTO,S02038,1571378880000
2253,13,ROVERETO,S02044,1571379840000
2253,14,ALA,S02049,1571380440000
2253,15,DOMEGLIARA,S02055,1571381700000
2253,16,VERONA PORTA NUOVA,S02430,1571382840000
2259,1,BOLZANO,S02026,1571394660000
2259,2,ORA,S02031,1571395320000
2259,3,MEZZOCORONA,S02035,1571396100000
2259,4,TRENTO,S02038,1571396880000
2259,5,ROVERETO,S02044,1571397840000
2259,6,ALA,S02049,1571398440000
2259,7,DOMEGLIARA,S02055,1571399700000
2259,8,VERONA PORTA NUOVA,S02430,1571400840000
2259,9,ISOLA DELLA SCALA,S05307,1571402340000
2259,10,NOGARA,S05310,1571402880000
2259,11,OSTIGLIA,S05304,1571403360000
2259,12,POGGIO RUSCO,S05308,1571403780000
2259,13,MIRANDOLA,S05311,1571404200000
2259,14,S.FELICE SP,S05313,1571404560000
2259,15,CREVALCORE,S05316,1571405400000
2259,16,SAN GIOVANNI IN PERSICETO,S05319,1571405820000
2259,17,OSTERIA NUOVA,S05302,1571406180000
2259,18,BOLOGNA C.LE,S05043,1571407200000
2260,1,BOLOGNA C.LE,S05043,1571393400000
2260,2,OSTERIA NUOVA,S05302,1571393940000
2260,3,SAN GIOVANNI IN PERSICETO,S05319,1571394300000
2260,4,CREVALCORE,S05316,1571394720000
2260,5,S.FELICE SP,S05313,1571395260000
2260,6,MIRANDOLA,S05311,1571395620000
2260,7,POGGIO RUSCO,S05308,1571396040000
2260,8,OSTIGLIA,S05304,1571396460000
2260,9,NOGARA,S05310,1571396940000
2260,10,ISOLA DELLA SCALA,S05307,1571397360000
2260,11,VERONA PORTA NUOVA,S02430,1571398320000
2260,12,DOMEGLIARA,S02055,1571400300000
2260,13,ALA,S02049,1571401500000
2260,14,ROVERETO,S02044,1571402280000
2260,15,TRENTO,S02038,1571403120000
2260,16,MEZZOCORONA,S02035,1571403840000
2260,17,ORA,S02031,1571404680000
2260,18,BOLZANO,S02026,1571405400000
2260,19,PONTE GARDENA,S02020,1571406420000
2260,20,CHIUSA,S02017,1571406840000
2260,21,BRESSANONE,S02014,1571407320000
2260,22,FORTEZZA,S02011,1571408040000
2260,23,CAMPO DI TRENS,S02007,1571408790000
2260,24,VIPITENO,S02006,1571409120000
2260,25,COLLE ISARCO,S02005,1571409510000
2260,26,BRENNERO,S02001,1571410320000
2261,1,BRENNERO,S02001,1571396880000
2261,2,COLLE ISARCO,S02005,1571397570000
2261,3,VIPITENO,S02006,1571397960000
2261,4,CAMPO DI TRENS,S02007,1571398290000
2261,5,FORTEZZA,S02011,1571399040000
2261,6,BRESSANONE,S02014,1571399640000
2261,7,CHIUSA,S02017,1571400120000
2261,8,PONTE GARDENA,S02020,1571400540000
2261,9,BOLZANO,S02026,1571401740000
2261,10,ORA,S02031,1571402520000
2261,11,MEZZOCORONA,S02035,1571403300000
2261,12,TRENTO,S02038,1571404080000
2261,13,ROVERETO,S02044,1571405040000
2261,14,ALA,S02049,1571405640000
2261,15,DOMEGLIARA,S02055,1571406900000
2261,16,VERONA PORTA NUOVA,S02430,1571408040000
2261,17,ISOLA DELLA SCALA,S05307,1571409540000
2261,18,NOGARA,S05310,1571410080000
2261,19,OSTIGLIA,S05304,1571410560000
2261,20,POGGIO RUSCO,S05308,1571410980000
2261,21,MIRANDOLA,S05311,1571411400000
2261,22,S.FELICE SP,S05313,1571411760000
2261,23,CREVALCORE,S05316,1571412600000
2261,24,SAN GIOVANNI IN PERSICETO,S05319,1571413020000
2261,25,OSTERIA NUOVA,S05302,1571413380000
2261,26,BOLOGNA C.LE,S05043,1571414400000
2262,1,BOLOGNA C.LE,S05043,1571400600000
2262,2,OSTERIA NUOVA,S05302,1571401140000
2262,3,SAN GIOVANNI IN PERSICETO,S05319,1571401500000
2262,4,CREVALCORE,S05316,1571401920000
2262,5,S.FELICE SP,S05313,1571402460000
2262,6,MIRANDOLA,S05311,1571402820000
2262,7,POGGIO RUSCO,S05308,1571403240000
2262,8,OSTIGLIA,S05304,1571403660000
2262,9,NOGARA,S05310,1571404140000
2262,10,ISOLA DELLA SCALA,S05307,1571405040000
2262,11,VERONA PORTA NUOVA,S02430,1571405700000
2262,12,DOMEGLIARA,S02055,1571407500000
2262,13,ALA,S02049,1571408700000
2262,14,ROVERETO,S02044,1571409480000
2262,15,TRENTO,S02038,1571410320000
2262,16,MEZZOCORONA,S02035,1571411040000
2262,17,ORA,S02031,1571411880000
2262,18,BOLZANO,S02026,1571412600000
2262,19,PONTE GARDENA,S02020,1571413620000
2262,20,CHIUSA,S02017,1571414040000
2262,21,BRESSANONE,S02014,1571414520000
2262,22,FORTEZZA,S02011,1571415240000
2262,23,CAMPO DI TRENS,S02007,1571415990000
2262,24,VIPITENO,S02006,1571416320000
2262,25,COLLE ISARCO,S02005,1571416710000
2262,26,BRENNERO,S02001,1571417520000
2263,1,BRENNERO,S02001,1571404080000
2263,2,COLLE ISARCO,S02005,1571404770000
2263,3,VIPITENO,S02006,1571405160000
2263,4,CAMPO DI TRENS,S02007,1571405490000
2263,5,FORTEZZA,S02011,1571406240000
2263,6,BRESSANONE,S02014,1571406840000
2263,7,CHIUSA,S02017,1571407320000
2263,8,PONTE GARDENA,S02020,1571407740000
2263,9,BOLZANO,S02026,1571408940000
2263,10,ORA,S02031,1571409720000
2263,11,MEZZOCORONA,S02035,1571410500000
2263,12,TRENTO,S02038,1571411280000
2263,13,ROVERETO,S02044,1571412240000
2263,14,ALA,S02049,1571412840000
2263,15,DOMEGLIARA,S02055,1571414100000
2263,16,VERONA PORTA NUOVA,S02430,1571415240000
2263,17,ISOLA DELLA SCALA,S05307,1571416740000
2263,18,NOGARA,S05310,1571417280000
2263,19,OSTIGLIA,S05304,1571417760000
2263,20,POGGIO RUSCO,S05308,1571418180000
2263,21,MIRANDOLA,S05311,1571418600000
2263,22,S.FELICE SP,S05313,1571418960000
2263,23,CREVALCORE,S05316,1571419800000
2263,24,SAN GIOVANNI IN PERSICETO,S05319,1571420220000
2263,25,OSTERIA NUOVA,S05302,1571420580000
2263,26,BOLOGNA C.LE,S05043,1571421600000
2264,1,BOLOGNA C.LE,S05043,1571407800000
2264,2,OSTERIA NUOVA,S05302,1571408340000
2264,3,SAN GIOVANNI IN PERSICETO,S05319,1571408700000
2264,4,CREVALCORE,S05316,1571409120000
2264,5,S.FELICE SP,S05313,1571409660000
2264,6,MIRANDOLA,S05311,1571410020000
2264,7,POGGIO RUSCO,S05308,1571410440000
2264,8,OSTIGLIA,S05304,1571410860000
2264,9,NOGARA,S05310,1571411340000
2264,10,ISOLA DELLA SCALA,S05307,1571411760000
2264,11,VERONA PORTA NUOVA,S02430,1571412720000
2264,12,DOMEGLIARA,S02055,1571414700000
2264,13,ALA,S02049,1571415900000
2264,14,ROVERETO,S02044,1571416680000
2264,15,TRENTO,S02038,1571417520000
2264,16,MEZZOCORONA,S02035,1571418240000
2264,17,ORA,S02031,1571419080000
2264,18,BOLZANO,S02026,1571419800000
2264,19,PONTE GARDENA,S02020,1571420820000
2264,20,CHIUSA,S02017,1571421240000
2264,21,BRESSANONE,S02014,1571421720000
2264,22,FORTEZZA,S02011,1571422440000
2264,23,CAMPO DI TRENS,S02007,1571423190000
2264,24,VIPITENO,S02006,1571423520000
2264,25,COLLE ISARCO,S02005,1571423910000
2264,26,BRENNERO,S02001,1571424720000
2265,1,BRENNERO,S02001,1571411280000
2265,2,COLLE ISARCO,S02005,1571411970000
2265,3,VIPITENO,S02006,1571412360000
2265,4,CAMPO DI TRENS,S02007,1571412690000
2265,5,FORTEZZA,S02011,1571413440000
2265,6,BRESSANONE,S02014,1571414040000
2265,7,CHIUSA,S02017,1571414520000
2265,8,PONTE GARDENA,S02020,1571414940000
2265,9,BOLZANO,S02026,1571416140000
2265,10,ORA,S02031,1571416920000
2265,11,MEZZOCORONA,S02035,1571417700000
2265,12,TRENTO,S02038,1571418480000
2265,13,ROVERETO,S02044,1571419440000
2265,14,ALA,S02049,1571420040000
2265,15,DOMEGLIARA,S02055,1571421300000
2265,16,VERONA PORTA NUOVA,S02430,1571422440000
2265,17,ISOLA DELLA SCALA,S05307,1571426100000
2265,18,NOGARA,S05310,1571426580000
2265,19,OSTIGLIA,S05304,1571427060000
2265,20,POGGIO RUSCO,S05308,1571427600000
2265,21,MIRANDOLA,S05311,1571428080000
2265,22,S.FELICE SP,S05313,1571428440000
2265,23,CREVALCORE,S05316,1571428920000
2265,24,SAN GIOVANNI IN PERSICETO,S05319,1571429340000
2265,25,OSTERIA NUOVA,S05302,1571429700000
2265,26,BOLOGNA C.LE,S05043,1571430900000
2266,1,BOLOGNA C.LE,S05043,1571415000000
2266,2,OSTERIA NUOVA,S05302,1571415540000
2266,3,SAN GIOVANNI IN PERSICETO,S05319,1571415900000
2266,4,CREVALCORE,S05316,1571416320000
2266,5,S.FELICE SP,S05313,1571416860000
2266,6,MIRANDOLA,S05311,1571417220000
2266,7,POGGIO RUSCO,S05308,1571417640000
2266,8,OSTIGLIA,S05304,1571418060000
2266,9,NOGARA,S05310,1571418540000
2266,10,ISOLA DELLA SCALA,S05307,1571419320000
2266,11,VERONA PORTA NUOVA,S02430,1571420280000
2266,12,DOMEGLIARA,S02055,1571421900000
2266,13,ALA,S02049,1571423100000
2266,14,ROVERETO,S02044,1571423880000
2266,15,TRENTO,S02038,1571424720000
2266,16,MEZZOCORONA,S02035,1571425440000
2266,17,ORA,S02031,1571426280000
2266,18,BOLZANO,S02026,1571427000000
2266,19,PONTE GARDENA,S02020,1571428080000
2266,20,CHIUSA,S02017,1571428560000
2266,21,BRESSANONE,S02014,1571429160000
2266,22,FORTEZZA,S02011,1571429700000
2266,23,CAMPO DI TRENS,S02007,1571430450000
2266,24,VIPITENO,S02006,1571430780000
2266,25,COLLE ISARCO,S02005,1571431170000
2266,26,BRENNERO,S02001,1571431920000
2267,1,BRENNERO,S02001,1571418480000
2267,2,COLLE ISARCO,S02005,1571419170000
2267,3,VIPITENO,S02006,1571419560000
2267,4,CAMPO DI TRENS,S02007,1571419890000
2267,5,FORTEZZA,S02011,1571420640000
2267,6,BRESSANONE,S02014,1571421240000
2267,7,CHIUSA,S02017,1571421720000
2267,8,PONTE GARDENA,S02020,1571422140000
2267,9,BOLZANO,S02026,1571423340000
2267,10,ORA,S02031,1571424120000
2267,11,MEZZOCORONA,S02035,1571424900000
2267,12,TRENTO,S02038,1571425680000
2267,13,ROVERETO,S02044,1571426640000
2267,14,ALA,S02049,1571427300000
2267,15,DOMEGLIARA,S02055,1571428500000
2267,16,VERONA PORTA NUOVA,S02430,1571429640000
2268,1,BOLOGNA C.LE,S05043,1571422200000
2268,2,OSTERIA NUOVA,S05302,1571422740000
2268,3,SAN GIOVANNI IN PERSICETO,S05319,1571423100000
2268,4,CREVALCORE,S05316,1571423520000
2268,5,S.FELICE SP,S05313,1571424060000
2268,6,MIRANDOLA,S05311,1571424420000
2268,7,POGGIO RUSCO,S05308,1571424840000
2268,8,OSTIGLIA,S05304,1571425260000
2268,9,NOGARA,S05310,1571425740000
2268,10,ISOLA DELLA SCALA,S05307,1571426160000
2268,11,VERONA PORTA NUOVA,S02430,1571427120000
2268,12,DOMEGLIARA,S02055,1571429100000
2268,13,ALA,S02049,1571430300000
2268,14,ROVERETO,S02044,1571431080000
2268,15,TRENTO,S02038,1571431920000
2268,16,MEZZOCORONA,S02035,1571432640000
2268,17,ORA,S02031,1571433480000
2268,18,BOLZANO,S02026,1571434320000
2760,1,BOLZANO,S02026,1571369220000
2760,2,PONTE GARDENA,S02020,1571370300000
2760,3,CHIUSA,S02017,1571370720000
2760,4,BRESSANONE,S02014,1571371140000
2760,5,FORTEZZA,S02011,1571371740000
2761,1,FORTEZZA,S02011,1571369760000
2761,2,BRESSANONE,S02014,1571370240000
2761,3,CHIUSA,S02017,1571370720000
2761,4,PONTE GARDENA,S02020,1571371140000
2761,5,BOLZANO,S02026,1571372220000
2761,6,ORA,S02031,1571373120000
2761,7,EGNA-TERMENO,S02032,1571373480000
2761,8,MEZZOCORONA,S02035,1571374140000
2761,9,LAVIS,S02037,1571374500000
2761,10,TRENTO,S02038,1571374980000
2761,11,ROVERETO,S02044,1571375940000
2761,12,ALA,S02049,1571376540000
2761,13,DOMEGLIARA,S02055,1571377740000
2761,14,VERONA PORTA NUOVA,S02430,1571379240000
2762,1,TRENTO,S02038,1571369400000
2762,2,LAVIS,S02037,1571369820000
2762,3,MEZZOCORONA,S02035,1571370180000
2762,4,SALORNO,S02034,1571370540000
2762,5,MAGRE`- CORTACCIA,S02033,1571370780000
2762,6,EGNA-TERMENO,S02032,1571371020000
2762,7,ORA,S02031,1571371320000
2762,8,BRONZOLO,S02030,1571371560000
2762,9,LAIVES,S02029,1571371800000
2762,10,BOLZANO,S02026,1571372400000
2762,11,PONTE GARDENA,S02020,1571374020000
2762,12,CHIUSA,S02017,1571374440000
2762,13,BRESSANONE,S02014,1571374920000
2762,14,FORTEZZA,S02011,1571375640000
2762,15,CAMPO DI TRENS,S02007,1571376390000
2762,16,VIPITENO,S02006,1571376720000
2762,17,COLLE ISARCO,S02005,1571377110000
2762,18,BRENNERO,S02001,1571377920000
2763,1,FORTEZZA,S02011,1571377500000
2763,2,BRESSANONE,S02014,1571378040000
2763,3,CHIUSA,S02017,1571378520000
2763,4,PONTE GARDENA,S02020,1571378940000
2763,5,BOLZANO,S02026,1571380140000
2763,6,ORA,S02031,1571380920000
2763,7,MEZZOCORONA,S02035,1571381700000
2763,8,TRENTO,S02038,1571382480000
2763,9,ROVERETO,S02044,1571383440000
2763,10,ALA,S02049,1571384040000
2763,11,DOMEGLIARA,S02055,1571385300000
2763,12,VERONA PORTA NUOVA,S02430,1571386440000
2764,1,VERONA PORTA NUOVA,S02430,1571372820000
2764,2,DOMEGLIARA,S02055,1571373840000
2764,3,POSTO COMUNICAZIONE DOLCE`,S02053,1571374230000
2764,4,PERI,S02052,1571374620000
2764,5,BORGHETTO,S02051,1571374980000
2764,6,AVIO,S02050,1571375340000
2764,7,ALA,S02049,1571375700000
2764,8,SERRAVALLE,S02048,1571376000000
2764,9,MORI,S02046,1571376360000
2764,10,ROVERETO,S02044,1571376660000
2764,11,TRENTO,S02038,1571377620000
2764,12,MEZZOCORONA,S02035,1571378460000
2764,13,ORA,S02031,1571379360000
2764,14,BOLZANO,S02026,1571380200000
2766,1,VERONA PORTA NUOVA,S02430,1571381400000
2766,2,DOMEGLIARA,S02055,1571382300000
2766,3,ALA,S02049,1571383500000
2766,4,ROVERETO,S02044,1571384160000
2766,5,TRENTO,S02038,1571385000000
2766,6,MEZZOCORONA,S02035,1571385840000
2766,7,ORA,S02031,1571386740000
2766,8,BOLZANO,S02026,1571387940000
2767,1,BRENNERO,S02001,1571378880000
2767,2,COLLE ISARCO,S02005,1571379570000
2767,3,VIPITENO,S02006,1571379960000
2767,4,CAMPO DI TRENS,S02007,1571380290000
2767,5,FORTEZZA,S02011,1571381040000
2767,6,BRESSANONE,S02014,1571381640000
2767,7,CHIUSA,S02017,1571382120000
2767,8,PONTE GARDENA,S02020,1571382540000
2767,9,BOLZANO,S02026,1571383740000
2770,1,VERONA PORTA NUOVA,S02430,1571431800000
2770,2,DOMEGLIARA,S02055,1571432700000
2770,3,PERI,S02052,1571433300000
2770,4,ALA,S02049,1571433960000
2770,5,ROVERETO,S02044,1571434680000
2770,6,TRENTO,S02038,1571435820000
2771,1,BRENNERO,S02001,1571425680000
2771,2,COLLE ISARCO,S02005,1571426370000
2771,3,VIPITENO,S02006,1571426760000
2771,4,CAMPO DI TRENS,S02007,1571427090000
2771,5,FORTEZZA,S02011,1571427840000
2771,6,BRESSANONE,S02014,1571428440000
2771,7,CHIUSA,S02017,1571428920000
2771,8,PONTE GARDENA,S02020,1571429340000
2771,9,BOLZANO,S02026,1571430540000
2958,1,VERONA PORTA NUOVA,S02430,1571392200000
2958,2,DOMEGLIARA,S02055,1571393100000
2958,3,ALA,S02049,1571394300000
2958,4,ROVERETO,S02044,1571395080000
2958,5,TRENTO,S02038,1571395920000
2958,6,MEZZOCORONA,S02035,1571396640000
2958,7,ORA,S02031,1571397480000
2958,8,BOLZANO,S02026,1571398200000
2958,9,PONTE GARDENA,S02020,1571399220000
2958,10,CHIUSA,S02017,1571399640000
2958,11,BRESSANONE,S02014,1571400120000
2958,12,FORTEZZA,S02011,1571400840000
2958,13,CAMPO DI TRENS,S02007,1571401590000
2958,14,VIPITENO,S02006,1571401920000
2958,15,COLLE ISARCO,S02005,1571402310000
2958,16,BRENNERO,S02001,1571403120000
5500,1,BASSANO DEL GRAPPA,S02520,1571367600000
5500,2,CARPANE`VALSTAGNA,S02502,1571368200000
5500,3,CISMON DEL GRAPPA,S02500,1571368740000
5500,4,PRIMOLANO,S02319,1571369220000
5500,5,TEZZE DI GRIGNO,S02318,1571369490000
5500,6,GRIGNO,S02317,1571369880000
5500,7,STRIGNO,S02315,1571370480000
5500,8,BORGO VALSUGANA EST,S02314,1571370840000
5500,9,BORGO VALSUGANA CENTRO,S02313,1571371020000
5500,10,RONCEGNO BAGNI-MARTER,S02312,1571371320000
5500,11,LEVICO,S02309,1571371860000
5500,12,CALDONAZZO,S02308,1571372160000
5500,13,CALCERANICA,S02307,1571372430000
5500,14,S.CRISTOFORO AL LAGO-ISCHIA,S02306,1571372730000
5500,15,PERGINE,S02305,1571373060000
5500,16,POVO,S02301,1571373660000
5500,17,VILLAZZANO,S02300,1571373900000
5500,18,TRENTO S.BARTOLAMEO,S02013,1571374170000
5500,19,TRENTO S.CHIARA,S02003,1571374290000
5500,20,TRENTO,S02038,1571374680000
5500,21,MEZZOCORONA,S02035,1571375340000
5500,22,ORA,S02031,1571376480000
5500,23,BOLZANO,S02026,1571377380000
5501,1,TRENTO,S02038,1571367900000
5501,2,TRENTO S.CHIARA,S02003,1571368110000
5501,3,TRENTO S.BARTOLAMEO,S02013,1571368230000
5501,4,VILLAZZANO,S02300,1571368500000
5501,5,POVO,S02301,1571368830000
5501,6,PERGINE,S02305,1571369460000
5501,7,S.CRISTOFORO AL LAGO-ISCHIA,S02306,1571369730000
5501,8,CALCERANICA,S02307,1571370030000
5501,9,CALDONAZZO,S02308,1571370360000
5501,10,LEVICO,S02309,1571370660000
5501,11,RONCEGNO BAGNI-MARTER,S02312,1571371320000
5501,12,BORGO VALSUGANA CENTRO,S02313,1571371620000
5501,13,BORGO VALSUGANA EST,S02314,1571371800000
5501,14,STRIGNO,S02315,1571372100000
5501,15,GRIGNO,S02317,1571372640000
5501,16,TEZZE DI GRIGNO,S02318,1571373030000
5501,17,PRIMOLANO,S02319,1571373240000
5501,18,CISMON DEL GRAPPA,S02500,1571373720000
5501,19,S.MARINO,S02501,1571374290000
5501,20,CARPANE`VALSTAGNA,S02502,1571374620000
5501,21,S.NAZARIO,S02503,1571374890000
5501,22,SOLAGNA,S02504,1571375070000
5501,23,BASSANO DEL GRAPPA,S02520,1571375460000
5503,1,TRENTO,S02038,1571369700000
5503,2,TRENTO S.CHIARA,S02003,1571369910000
5503,3,TRENTO S.BARTOLAMEO,S02013,1571370030000
5503,4,VILLAZZANO,S02300,1571370300000
5503,5,POVO,S02301,1571370630000
5503,6,PERGINE,S02305,1571371260000
5503,7,S.CRISTOFORO AL LAGO-ISCHIA,S02306,1571371530000
5503,8,CALCERANICA,S02307,1571371830000
5503,9,CALDONAZZO,S02308,1571372160000
5503,10,LEVICO,S02309,1571372460000
5503,11,RONCEGNO BAGNI-MARTER,S02312,1571373120000
5503,12,BORGO VALSUGANA CENTRO,S02313,1571373420000
5503,13,BORGO VALSUGANA EST,S02314,1571373600000
5504,1,BASSANO DEL GRAPPA,S02520,1571376300000
5504,2,SOLAGNA,S02504,1571376570000
5504,3,S.NAZARIO,S02503,1571376810000
5504,4,CARPANE`VALSTAGNA,S02502,1571377080000
5504,5,S.MARINO,S02501,1571377470000
5504,6,CISMON DEL GRAPPA,S02500,1571377740000
5504,7,PRIMOLANO,S02319,1571378220000
5504,8,TEZZE DI GRIGNO,S02318,1571378490000
5504,9,GRIGNO,S02317,1571378880000
5504,10,STRIGNO,S02315,1571379480000
5504,11,BORGO VALSUGANA EST,S02314,1571379840000
5504,12,BORGO VALSUGANA CENTRO,S02313,1571380020000
5504,13,RONCEGNO BAGNI-MARTER,S02312,1571380320000
5504,14,LEVICO,S02309,1571380860000
5504,15,CALDONAZZO,S02308,1571381160000
5504,16,CALCERANICA,S02307,1571381430000
5504,17,S.CRISTOFORO AL LAGO-ISCHIA,S02306,1571381730000
5504,18,PERGINE,S02305,1571382060000
5504,19,POVO,S02301,1571382660000
5504,20,VILLAZZANO,S02300,1571382900000
5504,21,TRENTO S.BARTOLAMEO,S02013,1571383170000
5504,22,TRENTO S.CHIARA,S02003,1571383290000
5504,23,TRENTO,S02038,1571383680000
5505,1,TRENTO,S02038,1571371500000
5505,2,TRENTO S.CHIARA,S02003,1571371710000
5505,3,TRENTO S.BARTOLAMEO,S02013,1571371830000
5505,4,VILLAZZANO,S02300,1571372100000
5505,5,POVO,S02301,1571372430000
5505,6,PERGINE,S02305,1571373060000
5505,7,S.CRISTOFORO AL LAGO-ISCHIA,S02306,1571373330000
5505,8,CALCERANICA,S02307,1571373630000
5505,9,CALDONAZZO,S02308,1571373960000
5505,10,LEVICO,S02309,1571374260000
5505,11,RONCEGNO BAGNI-MARTER,S02312,1571374860000
5505,12,BORGO VALSUGANA CENTRO,S02313,1571375340000
5505,13,BORGO VALSUGANA EST,S02314,1571375520000
5505,14,STRIGNO,S02315,1571375820000
5505,15,GRIGNO,S02317,1571376480000
5505,16,TEZZE DI GRIGNO,S02318,1571376870000
5505,17,PRIMOLANO,S02319,1571377080000
5505,18,CISMON DEL GRAPPA,S02500,1571377560000
5505,19,S.MARINO,S02501,1571378130000
5505,20,CARPANE`VALSTAGNA,S02502,1571378460000
5505,21,S.NAZARIO,S02503,1571378730000
5505,22,SOLAGNA,S02504,1571378910000
5505,23,BASSANO DEL GRAPPA,S02520,1571379300000
5506,1,BASSANO DEL GRAPPA,S02520,1571379900000
5506,2,SOLAGNA,S02504,1571380170000
5506,3,S.NAZARIO,S02503,1571380410000
5506,4,CARPANE`VALSTAGNA,S02502,1571380680000
5506,5,S.MARINO,S02501,1571381070000
5506,6,CISMON DEL GRAPPA,S02500,1571381340000
5506,7,PRIMOLANO,S02319,1571381820000
5506,8,TEZZE DI GRIGNO,S02318,1571382090000
5506,9,GRIGNO,S02317,1571382480000
5506,10,STRIGNO,S02315,1571383080000
5506,11,BORGO VALSUGANA EST,S02314,1571383440000
5506,12,BORGO VALSUGANA CENTRO,S02313,1571383620000
5506,13,RONCEGNO BAGNI-MARTER,S02312,1571383920000
5506,14,LEVICO,S02309,1571384460000
5506,15,CALDONAZZO,S02308,1571384760000
5506,16,CALCERANICA,S02307,1571385030000
5506,17,S.CRISTOFORO AL LAGO-ISCHIA,S02306,1571385330000
5506,18,PERGINE,S02305,1571385660000
5506,19,POVO,S02301,1571386260000
5506,20,VILLAZZANO,S02300,1571386500000
5506,21,TRENTO S.BARTOLAMEO,S02013,1571386770000
5506,22,TRENTO S.CHIARA,S02003,1571386890000
5506,23,TRENTO,S02038,1571387280000
5507,1,TRENTO,S02038,1571382300000
5507,2,TRENTO S.CHIARA,S02003,1571382510000
5507,3,TRENTO S.BARTOLAMEO,S02013,1571382630000
5507,4,VILLAZZANO,S02300,1571382900000
5507,5,POVO,S02301,1571383230000
5507,6,PERGINE,S02305,1571383860000
5507,7,S.CRISTOFORO AL LAGO-ISCHIA,S02306,1571384130000
5507,8,CALCERANICA,S02307,1571384430000
5507,9,CALDONAZZO,S02308,1571384760000
5507,10,LEVICO,S02309,1571385060000
5507,11,RONCEGNO BAGNI-MARTER,S02312,1571385720000
5507,12,BORGO VALSUGANA CENTRO,S02313,1571386020000
5507,13,BORGO VALSUGANA EST,S02314,1571386200000
5507,14,STRIGNO,S02315,1571386500000
5507,15,GRIGNO,S02317,1571387280000
5507,16,TEZZE DI GRIGNO,S02318,1571387670000
5507,17,PRIMOLANO,S02319,1571387880000
5507,18,CISMON DEL GRAPPA,S02500,1571388360000
5507,19,S.MARINO,S02501,1571388930000
5507,20,CARPANE`VALSTAGNA,S02502,1571389260000
5507,21,S.NAZARIO,S02503,1571389530000
5507,22,SOLAGNA,S02504,1571389710000
5507,23,BASSANO DEL GRAPPA,S02520,1571390100000
5510,1,BASSANO DEL GRAPPA,S02520,1571390700000
5510,2,SOLAGNA,S02504,1571390970000
5510,3,S.NAZARIO,S02503,1571391210000
5510,4,CARPANE`VALSTAGNA,S02502,1571391480000
5510,5,S.MARINO,S02501,1571391870000
5510,6,CISMON DEL GRAPPA,S02500,1571392140000
5510,7,PRIMOLANO,S02319,1571392620000
5510,8,TEZZE DI GRIGNO,S02318,1571392890000
5510,9,GRIGNO,S02317,1571393280000
5510,10,STRIGNO,S02315,1571393880000
5510,11,BORGO VALSUGANA EST,S02314,1571394240000
5510,12,BORGO VALSUGANA CENTRO,S02313,1571394420000
5510,13,RONCEGNO BAGNI-MARTER,S02312,1571394720000
5510,14,LEVICO,S02309,1571395260000
5510,15,CALDONAZZO,S02308,1571395560000
5510,16,CALCERANICA,S02307,1571395830000
5510,17,S.CRISTOFORO AL LAGO-ISCHIA,S02306,1571396130000
5510,18,PERGINE,S02305,1571396460000
5510,19,POVO,S02301,1571397060000
5510,20,VILLAZZANO,S02300,1571397300000
5510,21,TRENTO S.BARTOLAMEO,S02013,1571397570000
5510,22,TRENTO S.CHIARA,S02003,1571397690000
5510,23,TRENTO,S02038,1571398080000
5511,1,TRENTO,S02038,1571389500000
5511,2,TRENTO S.CHIARA,S02003,1571389710000
5511,3,TRENTO S.BARTOLAMEO,S02013,1571389830000
5511,4,VILLAZZANO,S02300,1571390100000
5511,5,POVO,S02301,1571390430000
5511,6,PERGINE,S02305,1571391060000
5511,7,S.CRISTOFORO AL LAGO-ISCHIA,S02306,1571391330000
5511,8,CALCERANICA,S02307,1571391630000
5511,9,CALDONAZZO,S02308,1571391960000
5511,10,LEVICO,S02309,1571392260000
5511,11,RONCEGNO BAGNI-MARTER,S02312,1571392920000
5511,12,BORGO VALSUGANA CENTRO,S02313,1571393220000
5511,13,BORGO VALSUGANA EST,S02314,1571393400000
5511,14,STRIGNO,S02315,1571393700000
5511,15,GRIGNO,S02317,1571394480000
5511,16,TEZZE DI GRIGNO,S02318,1571394870000
5511,17,PRIMOLANO,S02319,1571395080000
5511,18,CISMON DEL GRAPPA,S02500,1571395560000
5511,19,S.MARINO,S02501,1571396130000
5511,20,CARPANE`VALSTAGNA,S02502,1571396460000
5511,21,S.NAZARIO,S02503,1571396730000
5511,22,SOLAGNA,S02504,1571396910000
5511,23,BASSANO DEL GRAPPA,S02520,1571397300000
5512,1,BASSANO DEL GRAPPA,S02520,1571397900000
5512,2,SOLAGNA,S02504,1571398170000
5512,3,S.NAZARIO,S02503,1571398410000
5512,4,CARPANE`VALSTAGNA,S02502,1571398680000
5512,5,S.MARINO,S02501,1571399070000
5512,6,CISMON DEL GRAPPA,S02500,1571399340000
5512,7,PRIMOLANO,S02319,1571399820000
5512,8,TEZZE DI GRIGNO,S02318,1571400090000
5512,9,GRIGNO,S02317,1571400480000
5512,10,STRIGNO,S02315,1571401080000
5512,11,BORGO VALSUGANA EST,S02314,1571401440000
5512,12,BORGO VALSUGANA CENTRO,S02313,1571401620000
5512,13,RONCEGNO BAGNI-MARTER,S02312,1571401920000
5512,14,LEVICO,S02309,1571402460000
5512,15,CALDONAZZO,S02308,1571402760000
5512,16,CALCERANICA,S02307,1571403030000
5512,17,S.CRISTOFORO AL LAGO-ISCHIA,S02306,1571403330000
5512,18,PERGINE,S02305,1571403660000
5512,19,POVO,S02301,1571404260000
5512,20,VILLAZZANO,S02300,1571404500000
5512,21,TRENTO S.BARTOLAMEO,S02013,1571404770000
5512,22,TRENTO S.CHIARA,S02003,1571404890000
5512,23,TRENTO,S02038,1571405280000
5513,1,TRENTO,S02038,1571393100000
5513,2,TRENTO S.CHIARA,S02003,1571393310000
5513,3,TRENTO S.BARTOLAMEO,S02013,1571393430000
5513,4,VILLAZZANO,S02300,1571393700000
5513,5,POVO,S02301,1571394030000
5513,6,PERGINE,S02305,1571394660000
5513,7,S.CRISTOFORO AL LAGO-ISCHIA,S02306,1571394930000
5513,8,CALCERANICA,S02307,1571395230000
5513,9,CALDONAZZO,S02308,1571395560000
5513,10,LEVICO,S02309,1571395860000
5513,11,RONCEGNO BAGNI-MARTER,S02312,1571396520000
5513,12,BORGO VALSUGANA CENTRO,S02313,1571396820000
5513,13,BORGO VALSUGANA EST,S02314,1571397000000
5513,14,STRIGNO,S02315,1571397300000
5513,15,GRIGNO,S02317,1571398080000
5513,16,TEZZE DI GRIGNO,S02318,1571398470000
5513,17,PRIMOLANO,S02319,1571398680000
5513,18,CISMON DEL GRAPPA,S02500,1571399160000
5513,19,S.MARINO,S02501,1571399730000
5513,20,CARPANE`VALSTAGNA,S02502,1571400060000
5513,21,S.NAZARIO,S02503,1571400330000
5513,22,SOLAGNA,S02504,1571400510000
5513,23,BASSANO DEL GRAPPA,S02520,1571400900000
5514,1,BASSANO DEL GRAPPA,S02520,1571401500000
5514,2,SOLAGNA,S02504,1571401770000
5514,3,S.NAZARIO,S02503,1571402010000
5514,4,CARPANE`VALSTAGNA,S02502,1571402280000
5514,5,S.MARINO,S02501,1571402670000
5514,6,CISMON DEL GRAPPA,S02500,1571402940000
5514,7,PRIMOLANO,S02319,1571403420000
5514,8,TEZZE DI GRIGNO,S02318,1571403690000
5514,9,GRIGNO,S02317,1571404080000
5514,10,STRIGNO,S02315,1571404680000
5514,11,BORGO VALSUGANA EST,S02314,1571405040000
5514,12,BORGO VALSUGANA CENTRO,S02313,1571405220000
5514,13,RONCEGNO BAGNI-MARTER,S02312,1571405520000
5514,14,LEVICO,S02309,1571406060000
5514,15,CALDONAZZO,S02308,1571406360000
5514,16,CALCERANICA,S02307,1571406630000
5514,17,S.CRISTOFORO AL LAGO-ISCHIA,S02306,1571406930000
5514,18,PERGINE,S02305,1571407260000
5514,19,POVO,S02301,1571407860000
5514,20,VILLAZZANO,S02300,1571408100000
5514,21,TRENTO S.BARTOLAMEO,S02013,1571408370000
5514,22,TRENTO S.CHIARA,S02003,1571408490000
5514,23,TRENTO,S02038,1571408880000
5515,1,TRENTO,S02038,1571396700000
5515,2,TRENTO S.CHIARA,S02003,1571396910000
5515,3,TRENTO S.BARTOLAMEO,S02013,1571397030000
5515,4,VILLAZZANO,S02300,1571397300000
5515,5,POVO,S02301,1571397630000
5515,6,PERGINE,S02305,1571398260000
5515,7,S.CRISTOFORO AL LAGO-ISCHIA,S02306,1571398530000
5515,8,CALCERANICA,S02307,1571398830000
5515,9,CALDONAZZO,S02308,1571399160000
5515,10,LEVICO,S02309,1571399460000
5515,11,RONCEGNO BAGNI-MARTER,S02312,1571400120000
5515,12,BORGO VALSUGANA CENTRO,S02313,1571400420000
5515,13,BORGO VALSUGANA EST,S02314,1571400600000
5515,14,STRIGNO,S02315,1571400900000
5515,15,GRIGNO,S02317,1571401680000
5515,16,TEZZE DI GRIGNO,S02318,1571402070000
5515,17,PRIMOLANO,S02319,1571402280000
5515,18,CISMON DEL GRAPPA,S02500,1571402760000
5515,19,S.MARINO,S02501,1571403330000
5515,20,CARPANE`VALSTAGNA,S02502,1571403660000
5515,21,S.NAZARIO,S02503,1571403930000
5515,22,SOLAGNA,S02504,1571404110000
5515,23,BASSANO DEL GRAPPA,S02520,1571404500000
5516,1,BASSANO DEL GRAPPA,S02520,1571405100000
5516,2,SOLAGNA,S02504,1571405370000
5516,3,S.NAZARIO,S02503,1571405610000
5516,4,CARPANE`VALSTAGNA,S02502,1571405880000
5516,5,S.MARINO,S02501,1571406270000
5516,6,CISMON DEL GRAPPA,S02500,1571406540000
5516,7,PRIMOLANO,S02319,1571407020000
5516,8,TEZZE DI GRIGNO,S02318,1571407290000
5516,9,GRIGNO,S02317,1571407680000
5516,10,STRIGNO,S02315,1571408280000
5516,11,BORGO VALSUGANA EST,S02314,1571408640000
5516,12,BORGO VALSUGANA CENTRO,S02313,1571408820000
5516,13,RONCEGNO BAGNI-MARTER,S02312,1571409120000
5516,14,LEVICO,S02309,1571409660000
5516,15,CALDONAZZO,S02308,1571409960000
5516,16,CALCERANICA,S02307,1571410230000
5516,17,S.CRISTOFORO AL LAGO-ISCHIA,S02306,1571410530000
5516,18,PERGINE,S02305,1571410860000
5516,19,POVO,S02301,1571411460000
5516,20,VILLAZZANO,S02300,1571411700000
5516,21,TRENTO S.BARTOLAMEO,S02013,1571411970000
5516,22,TRENTO S.CHIARA,S02003,1571412090000
5516,23,TRENTO,S02038,1571412480000
5517,1,BOLZANO,S02026,1571403840000
5517,2,LAIVES,S02029,1571404200000
5517,3,BRONZOLO,S02030,1571404440000
5517,4,ORA,S02031,1571404800000
5517,5,EGNA-TERMENO,S02032,1571405100000
5517,6,MEZZOCORONA,S02035,1571405880000
5517,7,TRENTO,S02038,1571406900000
5517,8,TRENTO S.CHIARA,S02003,1571407710000
5517,9,TRENTO S.BARTOLAMEO,S02013,1571407830000
5517,10,VILLAZZANO,S02300,1571408100000
5517,11,POVO,S02301,1571408430000
5517,12,PERGINE,S02305,1571409060000
5517,13,S.CRISTOFORO AL LAGO-ISCHIA,S02306,1571409330000
5517,14,CALCERANICA,S02307,1571409630000
5517,15,CALDONAZZO,S02308,1571409960000
5517,16,LEVICO,S02309,1571410260000
5517,17,RONCEGNO BAGNI-MARTER,S02312,1571410920000
5517,18,BORGO VALSUGANA CENTRO,S02313,1571411220000
5517,19,BORGO VALSUGANA EST,S02314,1571411400000
5517,20,STRIGNO,S02315,1571411700000
5517,21,GRIGNO,S02317,1571412480000
5517,22,TEZZE DI GRIGNO,S02318,1571412870000
5517,23,PRIMOLANO,S02319,1571413080000
5517,24,CISMON DEL GRAPPA,S02500,1571413560000
5517,25,S.MARINO,S02501,1571414130000
5517,26,CARPANE`VALSTAGNA,S02502,1571414460000
5517,27,S.NAZARIO,S02503,1571414730000
5517,28,SOLAGNA,S02504,1571414910000
5517,29,BASSANO DEL GRAPPA,S02520,1571415300000
5518,1,BASSANO DEL GRAPPA,S02520,1571419500000
5518,2,SOLAGNA,S02504,1571419770000
5518,3,S.NAZARIO,S02503,1571420010000
5518,4,CARPANE`VALSTAGNA,S02502,1571420280000
5518,5,S.MARINO,S02501,1571420670000
5518,6,CISMON DEL GRAPPA,S02500,1571420940000
5518,7,PRIMOLANO,S02319,1571421420000
5518,8,TEZZE DI GRIGNO,S02318,1571421690000
5518,9,GRIGNO,S02317,1571422080000
5518,10,STRIGNO,S02315,1571422680000
5518,11,BORGO VALSUGANA EST,S02314,1571423040000
5518,12,BORGO VALSUGANA CENTRO,S02313,1571423220000
5518,13,RONCEGNO BAGNI-MARTER,S02312,1571423520000
5518,14,LEVICO,S02309,1571424060000
5518,15,CALDONAZZO,S02308,1571424360000
5518,16,CALCERANICA,S02307,1571424630000
5518,17,S.CRISTOFORO AL LAGO-ISCHIA,S02306,1571424930000
5518,18,PERGINE,S02305,1571425260000
5518,19,POVO,S02301,1571425860000
5518,20,VILLAZZANO,S02300,1571426100000
5518,21,TRENTO S.BARTOLAMEO,S02013,1571426370000
5518,22,TRENTO S.CHIARA,S02003,1571426490000
5518,23,TRENTO,S02038,1571426880000
5520,1,BASSANO DEL GRAPPA,S02520,1571423100000
5520,2,SOLAGNA,S02504,1571423370000
5520,3,S.NAZARIO,S02503,1571423610000
5520,4,CARPANE`VALSTAGNA,S02502,1571423880000
5520,5,S.MARINO,S02501,1571424270000
5520,6,CISMON DEL GRAPPA,S02500,1571424540000
5520,7,PRIMOLANO,S02319,1571425020000
5520,8,TEZZE DI GRIGNO,S02318,1571425290000
5520,9,GRIGNO,S02317,1571425680000
5520,10,STRIGNO,S02315,1571426280000
5520,11,BORGO VALSUGANA EST,S02314,1571426640000
5520,12,BORGO VALSUGANA CENTRO,S02313,1571426820000
5520,13,RONCEGNO BAGNI-MARTER,S02312,1571427120000
5520,14,LEVICO,S02309,1571427660000
5520,15,CALDONAZZO,S02308,1571427960000
5520,16,CALCERANICA,S02307,1571428230000
5520,17,S.CRISTOFORO AL LAGO-ISCHIA,S02306,1571428530000
5520,18,PERGINE,S02305,1571428860000
5520,19,POVO,S02301,1571429460000
5520,20,VILLAZZANO,S02300,1571429700000
5520,21,TRENTO S.BARTOLAMEO,S02013,1571429970000
5520,22,TRENTO S.CHIARA,S02003,1571430090000
5520,23,TRENTO,S02038,1571430480000
5521,1,TRENTO,S02038,1571409300000
5521,2,TRENTO S.CHIARA,S02003,1571409510000
5521,3,TRENTO S.BARTOLAMEO,S02013,1571409630000
5521,4,VILLAZZANO,S02300,1571409900000
5521,5,POVO,S02301,1571410230000
5521,6,PERGINE,S02305,1571410860000
5521,7,S.CRISTOFORO AL LAGO-ISCHIA,S02306,1571411130000
5521,8,CALCERANICA,S02307,1571411430000
5521,9,CALDONAZZO,S02308,1571411760000
5521,10,LEVICO,S02309,1571412060000
5521,11,RONCEGNO BAGNI-MARTER,S02312,1571412720000
5521,12,BORGO VALSUGANA CENTRO,S02313,1571413020000
5521,13,BORGO VALSUGANA EST,S02314,1571413200000
5522,1,BASSANO DEL GRAPPA,S02520,1571426700000
5522,2,SOLAGNA,S02504,1571426970000
5522,3,S.NAZARIO,S02503,1571427210000
5522,4,CARPANE`VALSTAGNA,S02502,1571427480000
5522,5,S.MARINO,S02501,1571427870000
5522,6,CISMON DEL GRAPPA,S02500,1571428140000
5522,7,PRIMOLANO,S02319,1571428620000
5522,8,TEZZE DI GRIGNO,S02318,1571428890000
5522,9,GRIGNO,S02317,1571429280000
5522,10,STRIGNO,S02315,1571429880000
5522,11,BORGO VALSUGANA EST,S02314,1571430240000
5522,12,BORGO VALSUGANA CENTRO,S02313,1571430420000
5522,13,RONCEGNO BAGNI-MARTER,S02312,1571430720000
5522,14,LEVICO,S02309,1571431260000
5522,15,CALDONAZZO,S02308,1571431560000
5522,16,CALCERANICA,S02307,1571431830000
5522,17,S.CRISTOFORO AL LAGO-ISCHIA,S02306,1571432130000
5522,18,PERGINE,S02305,1571432460000
5522,19,POVO,S02301,1571433060000
5522,20,VILLAZZANO,S02300,1571433300000
5522,21,TRENTO S.BARTOLAMEO,S02013,1571433570000
5522,22,TRENTO S.CHIARA,S02003,1571433690000
5522,23,TRENTO,S02038,1571434080000
5523,1,TRENTO,S02038,1571411100000
5523,2,TRENTO S.CHIARA,S02003,1571411310000
5523,3,TRENTO S.BARTOLAMEO,S02013,1571411430000
5523,4,VILLAZZANO,S02300,1571411700000
5523,5,POVO,S02301,1571412030000
5523,6,PERGINE,S02305,1571412660000
5523,7,S.CRISTOFORO AL LAGO-ISCHIA,S02306,1571412930000
5523,8,CALCERANICA,S02307,1571413230000
5523,9,CALDONAZZO,S02308,1571413560000
5523,10,LEVICO,S02309,1571413860000
5523,11,RONCEGNO BAGNI-MARTER,S02312,1571414520000
5523,12,BORGO VALSUGANA CENTRO,S02313,1571414820000
5523,13,BORGO VALSUGANA EST,S02314,1571415000000
5523,14,STRIGNO,S02315,1571415300000
5523,15,GRIGNO,S02317,1571416080000
5523,16,TEZZE DI GRIGNO,S02318,1571416470000
5523,17,PRIMOLANO,S02319,1571416680000
5523,18,CISMON DEL GRAPPA,S02500,1571417160000
5523,19,S.MARINO,S02501,1571417730000
5523,20,CARPANE`VALSTAGNA,S02502,1571418060000
5523,21,S.NAZARIO,S02503,1571418330000
5523,22,SOLAGNA,S02504,1571418510000
5523,23,BASSANO DEL GRAPPA,S02520,1571418900000
5524,1,BORGO VALSUGANA EST,S02314,1571374680000
5524,2,PERGINE,S02305,1571376240000
5524,3,TRENTO,S02038,1571377440000
5525,1,TRENTO,S02038,1571414700000
5525,2,TRENTO S.CHIARA,S02003,1571414910000
5525,3,TRENTO S.BARTOLAMEO,S02013,1571415030000
5525,4,VILLAZZANO,S02300,1571415300000
5525,5,POVO,S02301,1571415630000
5525,6,PERGINE,S02305,1571416260000
5525,7,S.CRISTOFORO AL LAGO-ISCHIA,S02306,1571416530000
5525,8,CALCERANICA,S02307,1571416830000
5525,9,CALDONAZZO,S02308,1571417160000
5525,10,LEVICO,S02309,1571417460000
5525,11,RONCEGNO BAGNI-MARTER,S02312,1571418120000
5525,12,BORGO VALSUGANA CENTRO,S02313,1571418420000
5525,13,BORGO VALSUGANA EST,S02314,1571418600000
5525,14,STRIGNO,S02315,1571418900000
5525,15,GRIGNO,S02317,1571419680000
5525,16,TEZZE DI GRIGNO,S02318,1571420070000
5525,17,PRIMOLANO,S02319,1571420280000
5525,18,CISMON DEL GRAPPA,S02500,1571420760000
5525,19,S.MARINO,S02501,1571421330000
5525,20,CARPANE`VALSTAGNA,S02502,1571421660000
5525,21,S.NAZARIO,S02503,1571421930000
5525,22,SOLAGNA,S02504,1571422110000
5525,23,BASSANO DEL GRAPPA,S02520,1571422500000
5526,1,BORGO VALSUGANA EST,S02314,1571415660000
5526,2,BORGO VALSUGANA CENTRO,S02313,1571415840000
5526,3,RONCEGNO BAGNI-MARTER,S02312,1571416320000
5526,4,LEVICO,S02309,1571416860000
5526,5,CALDONAZZO,S02308,1571417160000
5526,6,CALCERANICA,S02307,1571417430000
5526,7,S.CRISTOFORO AL LAGO-ISCHIA,S02306,1571417730000
5526,8,PERGINE,S02305,1571418060000
5526,9,POVO,S02301,1571418660000
5526,10,VILLAZZANO,S02300,1571418900000
5526,11,TRENTO S.BARTOLAMEO,S02013,1571419170000
5526,12,TRENTO S.CHIARA,S02003,1571419290000
5526,13,TRENTO,S02038,1571419680000
5527,1,TRENTO,S02038,1571418300000
5527,2,TRENTO S.CHIARA,S02003,1571418510000
5527,3,TRENTO S.BARTOLAMEO,S02013,1571418630000
5527,4,VILLAZZANO,S02300,1571418900000
5527,5,POVO,S02301,1571419230000
5527,6,PERGINE,S02305,1571419860000
5527,7,S.CRISTOFORO AL LAGO-ISCHIA,S02306,1571420130000
5527,8,CALCERANICA,S02307,1571420430000
5527,9,CALDONAZZO,S02308,1571420760000
5527,10,LEVICO,S02309,1571421060000
5527,11,RONCEGNO BAGNI-MARTER,S02312,1571421720000
5527,12,BORGO VALSUGANA CENTRO,S02313,1571422020000
5527,13,BORGO VALSUGANA EST,S02314,1571422200000
5527,14,STRIGNO,S02315,1571422500000
5527,15,GRIGNO,S02317,1571423280000
5527,16,TEZZE DI GRIGNO,S02318,1571423670000
5527,17,PRIMOLANO,S02319,1571423880000
5527,18,CISMON DEL GRAPPA,S02500,1571424360000
5527,19,S.MARINO,S02501,1571424930000
5527,20,CARPANE`VALSTAGNA,S02502,1571425260000
5527,21,S.NAZARIO,S02503,1571425530000
5527,22,SOLAGNA,S02504,1571425710000
5527,23,BASSANO DEL GRAPPA,S02520,1571426100000
5540,1,ALA,S02049,1571375160000
5540,2,ROVERETO,S02044,1571375880000
5540,3,TRENTO,S02038,1571376960000
5541,1,TRENTO,S02038,1571372760000
5541,2,ROVERETO,S02044,1571373600000
5541,3,ALA,S02049,1571374560000
5542,1,ROVERETO,S02044,1571409780000
5542,2,TRENTO,S02038,1571410680000
5543,1,TRENTO,S02038,1571408400000
5543,2,ROVERETO,S02044,1571409300000
5544,1,ALA,S02049,1571415000000
5544,2,SERRAVALLE,S02048,1571415300000
5544,3,MORI,S02046,1571415660000
5544,4,ROVERETO,S02044,1571415960000
5544,5,TRENTO,S02038,1571416920000
5545,1,TRENTO,S02038,1571412000000
5545,2,ROVERETO,S02044,1571412900000
5545,3,MORI,S02046,1571413200000
5545,4,SERRAVALLE,S02048,1571413560000
5545,5,ALA,S02049,1571413920000
8503,1,BOLZANO,S02026,1571368560000
8503,2,TRENTO,S02038,1571370300000
8503,3,ROVERETO,S02044,1571371200000
8503,4,VERONA PORTA NUOVA,S02430,1571373720000
8503,5,BOLOGNA C.LE/AV,S05046,1571377320000
8503,6,FIRENZE CAMPO MARTE,S06900,1571380140000
8503,7,ROMA TERMINI,S08409,1571385180000
8504,1,ROMA TERMINI,S08409,1571373900000
8504,2,FIRENZE CAMPO MARTE,S06900,1571378460000
8504,3,BOLOGNA C.LE/AV,S05046,1571380920000
8504,4,PM TAVERNELLE EMILIA,S05322,1571381610000
8504,5,VERONA PORTA NUOVA,S02430,1571384820000
8504,6,ROVERETO,S02044,1571387040000
8504,7,TRENTO,S02038,1571387880000
8504,8,ORA,S02031,1571389260000
8504,9,BOLZANO,S02026,1571390520000
8504,1,ROMA TERMINI,S08409,1571373900000
8504,2,FIRENZE CAMPO MARTE,S06900,1571378460000
8504,3,BOLOGNA C.LE/AV,S05046,1571380920000
8504,4,PM TAVERNELLE EMILIA,S05322,1571381610000
8504,5,VERONA PORTA NUOVA,S02430,1571384820000
8504,6,ROVERETO,S02044,1571387040000
8504,7,TRENTO,S02038,1571387880000
8504,8,ORA,S02031,1571389260000
8504,9,BOLZANO,S02026,1571390520000
8506,1,ROMA TERMINI,S08409,1571381100000
8506,2,FIRENZE CAMPO MARTE,S06900,1571385660000
8506,3,BOLOGNA C.LE/AV,S05046,1571388120000
8506,4,VERONA PORTA NUOVA,S02430,1571392020000
8506,5,ROVERETO,S02044,1571394240000
8506,6,TRENTO,S02038,1571395080000
8506,7,BOLZANO,S02026,1571397540000
8506,1,ROMA TERMINI,S08409,1571381100000
8506,2,FIRENZE CAMPO MARTE,S06900,1571385660000
8506,3,BOLOGNA C.LE/AV,S05046,1571388120000
8506,4,VERONA PORTA NUOVA,S02430,1571392020000
8506,5,ROVERETO,S02044,1571394240000
8506,6,TRENTO,S02038,1571395080000
8506,7,BOLZANO,S02026,1571397540000
8507,1,BOLZANO,S02026,1571375760000
8507,2,TRENTO,S02038,1571377500000
8507,3,ROVERETO,S02044,1571378400000
8507,4,VERONA PORTA NUOVA,S02430,1571380920000
8507,5,BOLOGNA C.LE/AV,S05046,1571384520000
8507,6,FIRENZE CAMPO MARTE,S06900,1571387340000
8507,7,ROMA TERMINI,S08409,1571392380000
8507,8,NAPOLI CENTRALE,S09218,1571397600000
8513,1,SIBARI,S11811,1571372100000
8513,2,PAOLA,S11739,1571375100000
8513,3,SCALEA S.DOMENICA TALAO,S11727,1571376840000
8513,4,SALERNO,S09818,1571381820000
8513,5,NAPOLI AFRAGOLA,S09988,1571383560000
8513,6,ROMA TERMINI,S08409,1571387400000
8513,7,FIRENZE CAMPO MARTE,S06900,1571392860000
8513,8,BOLOGNA C.LE/AV,S05046,1571395320000
8513,9,VERONA PORTA NUOVA,S02430,1571398620000
8513,10,ROVERETO,S02044,1571401440000
8513,11,TRENTO,S02038,1571402280000
8513,12,BOLZANO,S02026,1571404740000
8513,1,SIBARI,S11811,1571372100000
8513,2,PAOLA,S11739,1571375100000
8513,3,SCALEA S.DOMENICA TALAO,S11727,1571376840000
8513,4,SALERNO,S09818,1571381820000
8513,5,NAPOLI AFRAGOLA,S09988,1571383560000
8513,6,ROMA TERMINI,S08409,1571387400000
8513,7,FIRENZE CAMPO MARTE,S06900,1571392860000
8513,8,BOLOGNA C.LE/AV,S05046,1571395320000
8513,9,VERONA PORTA NUOVA,S02430,1571398620000
8513,10,ROVERETO,S02044,1571401440000
8513,11,TRENTO,S02038,1571402280000
8513,12,BOLZANO,S02026,1571404740000
8517,1,BOLZANO,S02026,1571397360000
8517,2,TRENTO,S02038,1571399100000
8517,3,ROVERETO,S02044,1571400000000
8517,4,VERONA PORTA NUOVA,S02430,1571402520000
8517,5,BOLOGNA C.LE/AV,S05046,1571406120000
8517,6,FIRENZE CAMPO MARTE,S06900,1571408940000
8517,7,ROMA TERMINI,S08409,1571413980000
8517,8,NAPOLI AFRAGOLA,S09988,1571419020000
8517,9,SALERNO,S09818,1571421720000
8517,10,SCALEA S.DOMENICA TALAO,S11727,1571426880000
8517,11,PAOLA,S11739,1571428560000
8517,12,SIBARI,S11811,1571431500000
8517,1,BOLZANO,S02026,1571397360000
8517,2,TRENTO,S02038,1571399100000
8517,3,ROVERETO,S02044,1571400000000
8517,4,VERONA PORTA NUOVA,S02430,1571402520000
8517,5,BOLOGNA C.LE/AV,S05046,1571406120000
8517,6,FIRENZE CAMPO MARTE,S06900,1571408940000
8517,7,ROMA TERMINI,S08409,1571413980000
8517,8,NAPOLI AFRAGOLA,S09988,1571419020000
8517,9,SALERNO,S09818,1571421720000
8517,10,SCALEA S.DOMENICA TALAO,S11727,1571426880000
8517,11,PAOLA,S11739,1571428560000
8517,12,SIBARI,S11811,1571431500000
8523,1,BOLZANO,S02026,1571404560000
8523,2,TRENTO,S02038,1571406300000
8523,3,ROVERETO,S02044,1571407200000
8523,4,VERONA PORTA NUOVA,S02430,1571409720000
8523,5,BOLOGNA C.LE/AV,S05046,1571413320000
8523,6,FIRENZE CAMPO MARTE,S06900,1571416140000
8523,7,ROMA TERMINI,S08409,1571421360000
8524,1,NAPOLI CENTRALE,S09218,1571405100000
8524,2,ROMA TERMINI,S08409,1571409300000
8524,3,FIRENZE CAMPO MARTE,S06900,1571414460000
8524,4,BOLOGNA C.LE/AV,S05046,1571416920000
8524,5,VERONA PORTA NUOVA,S02430,1571420220000
8524,6,ROVERETO,S02044,1571423040000
8524,7,TRENTO,S02038,1571423880000
8524,8,BOLZANO,S02026,1571426340000
8526,1,ROMA TERMINI,S08409,1571413500000
8526,2,FIRENZE CAMPO MARTE,S06900,1571418060000
8526,3,BOLOGNA C.LE/AV,S05046,1571420520000
8526,4,VERONA PORTA NUOVA,S02430,1571424120000
8526,5,ROVERETO,S02044,1571426940000
8526,6,TRENTO,S02038,1571427780000
8526,7,BOLZANO,S02026,1571429940000
8527,1,BOLZANO,S02026,1571411580000
8527,2,ORA,S02031,1571412240000
8527,3,TRENTO,S02038,1571413500000
8527,4,ROVERETO,S02044,1571414400000
8527,5,VERONA PORTA NUOVA,S02430,1571416920000
8527,6,BOLOGNA C.LE/AV,S05046,1571420520000
8527,7,FIRENZE CAMPO MARTE,S06900,1571423340000
8527,8,ROMA TERMINI,S08409,1571428380000
10900,1,BOLZANO,S02026,1571371320000
10900,2,PONTE GARDENA,S02020,1571372220000
10900,3,CHIUSA,S02017,1571372640000
10900,4,BRESSANONE,S02014,1571373120000
10900,5,FORTEZZA,S02011,1571373840000
10900,6,CAMPO DI TRENS,S02007,1571374590000
10900,7,VIPITENO,S02006,1571374920000
10900,8,COLLE ISARCO,S02005,1571375310000
10900,9,BRENNERO,S02001,1571376120000
10901,1,TRENTO,S02038,1571370900000
10901,2,ROVERETO,S02044,1571371740000
10901,3,ALA,S02049,1571372580000
10902,1,TRENTO,S02038,1571371320000
10902,2,LAVIS,S02037,1571371800000
10902,3,MEZZOCORONA,S02035,1571372160000
10902,4,SALORNO,S02034,1571372520000
10902,5,MAGRE`- CORTACCIA,S02033,1571372760000
10902,6,EGNA-TERMENO,S02032,1571373000000
10902,7,ORA,S02031,1571373300000
10902,8,BRONZOLO,S02030,1571373540000
10902,9,LAIVES,S02029,1571373780000
10902,10,BOLZANO,S02026,1571374320000
10903,1,TRENTO,S02038,1571371800000
10903,2,ROVERETO,S02044,1571372640000
10903,3,MORI,S02046,1571372940000
10903,4,ALA,S02049,1571373420000
10903,5,AVIO,S02050,1571373720000
10903,6,BORGHETTO,S02051,1571374080000
10903,7,PERI,S02052,1571374440000
10903,8,POSTO COMUNICAZIONE DOLCE`,S02053,1571374890000
10903,9,DOMEGLIARA,S02055,1571375400000
10903,10,VERONA PORTA NUOVA,S02430,1571376480000
10904,1,TRENTO,S02038,1571372400000
10904,2,LAVIS,S02037,1571372880000
10904,3,MEZZOCORONA,S02035,1571373240000
10904,4,SALORNO,S02034,1571373660000
10904,5,MAGRE`- CORTACCIA,S02033,1571373960000
10904,6,EGNA-TERMENO,S02032,1571374200000
10904,7,ORA,S02031,1571374500000
10904,8,BRONZOLO,S02030,1571374800000
10904,9,LAIVES,S02029,1571375040000
10904,10,BOLZANO,S02026,1571375640000
10905,1,BOLZANO,S02026,1571369760000
10905,2,LAIVES,S02029,1571370240000
10905,3,BRONZOLO,S02030,1571370540000
10905,4,ORA,S02031,1571370840000
10905,5,EGNA-TERMENO,S02032,1571371200000
10905,6,MAGRE`- CORTACCIA,S02033,1571371440000
10905,7,SALORNO,S02034,1571371740000
10905,8,MEZZOCORONA,S02035,1571372100000
10905,9,LAVIS,S02037,1571372460000
10905,10,TRENTO,S02038,1571373060000
10905,11,ROVERETO,S02044,1571373960000
10905,12,MORI,S02046,1571374260000
10905,13,SERRAVALLE,S02048,1571374560000
10905,14,ALA,S02049,1571374860000
10905,15,AVIO,S02050,1571375100000
10905,16,BORGHETTO,S02051,1571375400000
10905,17,PERI,S02052,1571375760000
10905,18,POSTO COMUNICAZIONE DOLCE`,S02053,1571376150000
10905,19,DOMEGLIARA,S02055,1571376540000
10905,20,VERONA PORTA NUOVA,S02430,1571377860000
10906,1,VERONA PORTA NUOVA,S02430,1571369100000
10906,2,DOMEGLIARA,S02055,1571369880000
10906,3,ALA,S02049,1571371020000
10906,4,MORI,S02046,1571371560000
10906,5,ROVERETO,S02044,1571371860000
10906,6,TRENTO,S02038,1571373000000
10906,7,LAVIS,S02037,1571373540000
10906,8,MEZZOCORONA,S02035,1571373900000
10906,9,SALORNO,S02034,1571374260000
10906,10,MAGRE`- CORTACCIA,S02033,1571374560000
10906,11,EGNA-TERMENO,S02032,1571374800000
10906,12,ORA,S02031,1571375100000
10906,13,BRONZOLO,S02030,1571375400000
10906,14,LAIVES,S02029,1571375640000
10906,15,BOLZANO,S02026,1571376240000
10907,1,BOLZANO,S02026,1571371560000
10907,2,LAIVES,S02029,1571371980000
10907,3,BRONZOLO,S02030,1571372160000
10907,4,ORA,S02031,1571372460000
10907,5,EGNA-TERMENO,S02032,1571372760000
10907,6,MAGRE`- CORTACCIA,S02033,1571373000000
10907,7,SALORNO,S02034,1571373300000
10907,8,MEZZOCORONA,S02035,1571373660000
10907,9,TRENTO,S02038,1571374380000
10907,10,ROVERETO,S02044,1571375340000
10907,11,MORI,S02046,1571375580000
10907,12,ALA,S02049,1571376180000
10909,1,BOLZANO,S02026,1571373240000
10909,2,LAIVES,S02029,1571373660000
10909,3,BRONZOLO,S02030,1571373900000
10909,4,ORA,S02031,1571374200000
10909,5,EGNA-TERMENO,S02032,1571374560000
10909,6,MAGRE`- CORTACCIA,S02033,1571374800000
10909,7,SALORNO,S02034,1571375100000
10909,8,MEZZOCORONA,S02035,1571375460000
10909,9,LAVIS,S02037,1571375820000
10909,10,TRENTO,S02038,1571376660000
10909,11,ROVERETO,S02044,1571377560000
10909,12,MORI,S02046,1571377860000
10909,13,SERRAVALLE,S02048,1571378160000
10909,14,ALA,S02049,1571378460000
10909,15,AVIO,S02050,1571378700000
10909,16,BORGHETTO,S02051,1571379000000
10909,17,PERI,S02052,1571379360000
10909,18,POSTO COMUNICAZIONE DOLCE`,S02053,1571379750000
10909,19,DOMEGLIARA,S02055,1571380140000
10909,20,VERONA PORTA NUOVA,S02430,1571381640000
10910,1,ALA,S02049,1571373420000
10910,2,MORI,S02046,1571373840000
10910,3,ROVERETO,S02044,1571374140000
10910,4,TRENTO,S02038,1571374980000
10910,5,MEZZOCORONA,S02035,1571375700000
10910,6,SALORNO,S02034,1571376060000
10910,7,MAGRE`- CORTACCIA,S02033,1571376360000
10910,8,EGNA-TERMENO,S02032,1571376600000
10910,9,ORA,S02031,1571376900000
10910,10,BRONZOLO,S02030,1571377200000
10910,11,LAIVES,S02029,1571377440000
10910,12,BOLZANO,S02026,1571377920000
10911,1,BOLZANO,S02026,1571375040000
10911,2,LAIVES,S02029,1571375460000
10911,3,BRONZOLO,S02030,1571375640000
10911,4,ORA,S02031,1571375940000
10911,5,EGNA-TERMENO,S02032,1571376240000
10911,6,MAGRE`- CORTACCIA,S02033,1571376480000
10911,7,SALORNO,S02034,1571376780000
10911,8,MEZZOCORONA,S02035,1571377140000
10911,9,TRENTO,S02038,1571378160000
10911,10,ROVERETO,S02044,1571379120000
10913,1,BOLZANO,S02026,1571376960000
10913,2,LAIVES,S02029,1571377440000
10913,3,BRONZOLO,S02030,1571377740000
10913,4,ORA,S02031,1571378040000
10913,5,EGNA-TERMENO,S02032,1571378400000
10913,6,MAGRE`- CORTACCIA,S02033,1571378640000
10913,7,SALORNO,S02034,1571378940000
10913,8,MEZZOCORONA,S02035,1571379300000
10913,9,LAVIS,S02037,1571379660000
10913,10,TRENTO,S02038,1571380260000
10913,11,ROVERETO,S02044,1571381160000
10913,12,MORI,S02046,1571381460000
10913,13,SERRAVALLE,S02048,1571381760000
10913,14,ALA,S02049,1571382060000
10913,15,AVIO,S02050,1571382300000
10913,16,BORGHETTO,S02051,1571382600000
10913,17,PERI,S02052,1571382960000
10913,18,POSTO COMUNICAZIONE DOLCE`,S02053,1571383350000
10913,19,DOMEGLIARA,S02055,1571383740000
10913,20,VERONA PORTA NUOVA,S02430,1571385240000
10914,1,VERONA PORTA NUOVA,S02430,1571371620000
10914,2,DOMEGLIARA,S02055,1571372640000
10914,3,POSTO COMUNICAZIONE DOLCE`,S02053,1571373030000
10914,4,PERI,S02052,1571373420000
10914,5,BORGHETTO,S02051,1571373780000
10914,6,AVIO,S02050,1571374080000
10914,7,ALA,S02049,1571374380000
10914,8,SERRAVALLE,S02048,1571374740000
10914,9,MORI,S02046,1571375040000
10914,10,ROVERETO,S02044,1571375340000
10914,11,TRENTO,S02038,1571376480000
10914,12,LAVIS,S02037,1571377020000
10914,13,MEZZOCORONA,S02035,1571377380000
10914,14,SALORNO,S02034,1571377740000
10914,15,MAGRE`- CORTACCIA,S02033,1571378040000
10914,16,EGNA-TERMENO,S02032,1571378280000
10914,17,ORA,S02031,1571378580000
10914,18,BRONZOLO,S02030,1571378880000
10914,19,LAIVES,S02029,1571379120000
10914,20,BOLZANO,S02026,1571379780000
10915,1,BOLZANO,S02026,1571378760000
10915,2,LAIVES,S02029,1571379180000
10915,3,BRONZOLO,S02030,1571379360000
10915,4,ORA,S02031,1571379660000
10915,5,EGNA-TERMENO,S02032,1571379960000
10915,6,MAGRE`- CORTACCIA,S02033,1571380200000
10915,7,SALORNO,S02034,1571380500000
10915,8,MEZZOCORONA,S02035,1571380860000
10915,9,TRENTO,S02038,1571381580000
10916,1,ALA,S02049,1571377020000
10916,2,MORI,S02046,1571377440000
10916,3,ROVERETO,S02044,1571377740000
10916,4,TRENTO,S02038,1571378580000
10916,5,MEZZOCORONA,S02035,1571379300000
10916,6,SALORNO,S02034,1571379660000
10916,7,MAGRE`- CORTACCIA,S02033,1571379960000
10916,8,EGNA-TERMENO,S02032,1571380200000
10916,9,ORA,S02031,1571380500000
10916,10,BRONZOLO,S02030,1571380800000
10916,11,LAIVES,S02029,1571381040000
10916,12,BOLZANO,S02026,1571381520000
10917,1,BOLZANO,S02026,1571380560000
10917,2,LAIVES,S02029,1571381040000
10917,3,BRONZOLO,S02030,1571381340000
10917,4,ORA,S02031,1571381640000
10917,5,EGNA-TERMENO,S02032,1571382000000
10917,6,MAGRE`- CORTACCIA,S02033,1571382240000
10917,7,SALORNO,S02034,1571382540000
10917,8,MEZZOCORONA,S02035,1571382900000
10917,9,LAVIS,S02037,1571383260000
10917,10,TRENTO,S02038,1571383860000
10917,11,ROVERETO,S02044,1571384760000
10917,12,MORI,S02046,1571385060000
10917,13,SERRAVALLE,S02048,1571385360000
10917,14,ALA,S02049,1571385660000
10917,15,AVIO,S02050,1571385900000
10917,16,BORGHETTO,S02051,1571386200000
10917,17,PERI,S02052,1571386560000
10917,18,POSTO COMUNICAZIONE DOLCE`,S02053,1571386950000
10917,19,DOMEGLIARA,S02055,1571387340000
10917,20,VERONA PORTA NUOVA,S02430,1571388660000
10918,1,VERONA PORTA NUOVA,S02430,1571375220000
10918,2,DOMEGLIARA,S02055,1571376240000
10918,3,POSTO COMUNICAZIONE DOLCE`,S02053,1571376630000
10918,4,PERI,S02052,1571377020000
10918,5,BORGHETTO,S02051,1571377380000
10918,6,AVIO,S02050,1571377680000
10918,7,ALA,S02049,1571377980000
10918,8,SERRAVALLE,S02048,1571378340000
10918,9,MORI,S02046,1571378640000
10918,10,ROVERETO,S02044,1571378940000
10918,11,TRENTO,S02038,1571380080000
10918,12,LAVIS,S02037,1571380620000
10918,13,MEZZOCORONA,S02035,1571380980000
10918,14,SALORNO,S02034,1571381340000
10918,15,MAGRE`- CORTACCIA,S02033,1571381640000
10918,16,EGNA-TERMENO,S02032,1571381940000
10918,17,ORA,S02031,1571382240000
10918,18,BRONZOLO,S02030,1571382540000
10918,19,LAIVES,S02029,1571382780000
10918,20,BOLZANO,S02026,1571383380000
10919,1,BOLZANO,S02026,1571382360000
10919,2,LAIVES,S02029,1571382780000
10919,3,BRONZOLO,S02030,1571382960000
10919,4,ORA,S02031,1571383260000
10919,5,EGNA-TERMENO,S02032,1571383560000
10919,6,MAGRE`- CORTACCIA,S02033,1571383800000
10919,7,SALORNO,S02034,1571384100000
10919,8,MEZZOCORONA,S02035,1571384460000
10919,9,TRENTO,S02038,1571385180000
10919,10,ROVERETO,S02044,1571386140000
10922,1,ROVERETO,S02044,1571381400000
10922,2,TRENTO,S02038,1571382180000
10922,3,MEZZOCORONA,S02035,1571382900000
10922,4,SALORNO,S02034,1571383260000
10922,5,MAGRE`- CORTACCIA,S02033,1571383560000
10922,6,EGNA-TERMENO,S02032,1571383800000
10922,7,ORA,S02031,1571384100000
10922,8,BRONZOLO,S02030,1571384400000
10922,9,LAIVES,S02029,1571384640000
10922,10,BOLZANO,S02026,1571385120000
10923,1,BOLZANO,S02026,1571391360000
10923,2,LAIVES,S02029,1571391840000
10923,3,BRONZOLO,S02030,1571392140000
10923,4,ORA,S02031,1571392440000
10923,5,EGNA-TERMENO,S02032,1571392800000
10923,6,MAGRE`- CORTACCIA,S02033,1571393040000
10923,7,SALORNO,S02034,1571393340000
10923,8,MEZZOCORONA,S02035,1571393700000
10923,9,LAVIS,S02037,1571394060000
10923,10,TRENTO,S02038,1571394660000
10923,11,ROVERETO,S02044,1571395560000
10923,12,MORI,S02046,1571395860000
10923,13,SERRAVALLE,S02048,1571396160000
10923,14,ALA,S02049,1571396460000
10923,15,AVIO,S02050,1571396700000
10923,16,BORGHETTO,S02051,1571397000000
10923,17,PERI,S02052,1571397360000
10923,18,POSTO COMUNICAZIONE DOLCE`,S02053,1571397750000
10923,19,DOMEGLIARA,S02055,1571398140000
10923,20,VERONA PORTA NUOVA,S02430,1571399460000
10924,1,VERONA PORTA NUOVA,S02430,1571378940000
10924,2,DOMEGLIARA,S02055,1571379960000
10924,3,POSTO COMUNICAZIONE DOLCE`,S02053,1571380350000
10924,4,PERI,S02052,1571380740000
10924,5,BORGHETTO,S02051,1571381100000
10924,6,AVIO,S02050,1571381400000
10924,7,ALA,S02049,1571381700000
10924,8,SERRAVALLE,S02048,1571382060000
10924,9,MORI,S02046,1571382360000
10924,10,ROVERETO,S02044,1571382660000
10924,11,TRENTO,S02038,1571383800000
10924,12,LAVIS,S02037,1571384340000
10924,13,MEZZOCORONA,S02035,1571384700000
10924,14,SALORNO,S02034,1571385060000
10924,15,MAGRE`- CORTACCIA,S02033,1571385360000
10924,16,EGNA-TERMENO,S02032,1571385600000
10924,17,ORA,S02031,1571385900000
10924,18,BRONZOLO,S02030,1571386200000
10924,19,LAIVES,S02029,1571386440000
10924,20,BOLZANO,S02026,1571386920000
10927,1,BOLZANO,S02026,1571393160000
10927,2,LAIVES,S02029,1571393580000
10927,3,BRONZOLO,S02030,1571393760000
10927,4,ORA,S02031,1571394060000
10927,5,EGNA-TERMENO,S02032,1571394360000
10927,6,MAGRE`- CORTACCIA,S02033,1571394600000
10927,7,SALORNO,S02034,1571394900000
10927,8,MEZZOCORONA,S02035,1571395260000
10927,9,TRENTO,S02038,1571395980000
10927,10,ROVERETO,S02044,1571396940000
10927,11,MORI,S02046,1571397180000
10927,12,ALA,S02049,1571397780000
10929,1,BOLZANO,S02026,1571394960000
10929,2,LAIVES,S02029,1571395440000
10929,3,BRONZOLO,S02030,1571395740000
10929,4,ORA,S02031,1571396040000
10929,5,EGNA-TERMENO,S02032,1571396400000
10929,6,MAGRE`- CORTACCIA,S02033,1571396640000
10929,7,SALORNO,S02034,1571396940000
10929,8,MEZZOCORONA,S02035,1571397300000
10929,9,LAVIS,S02037,1571397660000
10929,10,TRENTO,S02038,1571398260000
10929,11,ROVERETO,S02044,1571399160000
10929,12,MORI,S02046,1571399460000
10929,13,SERRAVALLE,S02048,1571399760000
10929,14,ALA,S02049,1571400060000
10929,15,AVIO,S02050,1571400300000
10929,16,BORGHETTO,S02051,1571400600000
10929,17,PERI,S02052,1571400960000
10929,18,POSTO COMUNICAZIONE DOLCE`,S02053,1571401350000
10929,19,DOMEGLIARA,S02055,1571401740000
10929,20,VERONA PORTA NUOVA,S02430,1571403240000
10931,1,BOLZANO,S02026,1571396640000
10931,2,LAIVES,S02029,1571397060000
10931,3,BRONZOLO,S02030,1571397240000
10931,4,ORA,S02031,1571397540000
10931,5,EGNA-TERMENO,S02032,1571397840000
10931,6,MAGRE`- CORTACCIA,S02033,1571398080000
10931,7,SALORNO,S02034,1571398380000
10931,8,MEZZOCORONA,S02035,1571398740000
10931,9,TRENTO,S02038,1571399760000
10931,10,ROVERETO,S02044,1571400660000
10931,11,MORI,S02046,1571400900000
10931,12,ALA,S02049,1571401500000
10932,1,ROVERETO,S02044,1571392200000
10932,2,TRENTO,S02038,1571392980000
10932,3,MEZZOCORONA,S02035,1571393700000
10932,4,SALORNO,S02034,1571394060000
10932,5,MAGRE`- CORTACCIA,S02033,1571394360000
10932,6,EGNA-TERMENO,S02032,1571394600000
10932,7,ORA,S02031,1571394900000
10932,8,BRONZOLO,S02030,1571395200000
10932,9,LAIVES,S02029,1571395440000
10932,10,BOLZANO,S02026,1571396160000
10934,1,VERONA PORTA NUOVA,S02430,1571389740000
10934,2,DOMEGLIARA,S02055,1571390760000
10934,3,POSTO COMUNICAZIONE DOLCE`,S02053,1571391150000
10934,4,PERI,S02052,1571391540000
10934,5,BORGHETTO,S02051,1571391900000
10934,6,AVIO,S02050,1571392200000
10934,7,ALA,S02049,1571392500000
10934,8,SERRAVALLE,S02048,1571392860000
10934,9,MORI,S02046,1571393160000
10934,10,ROVERETO,S02044,1571393460000
10934,11,TRENTO,S02038,1571394240000
10934,12,LAVIS,S02037,1571394780000
10934,13,MEZZOCORONA,S02035,1571395140000
10934,14,SALORNO,S02034,1571395500000
10934,15,MAGRE`- CORTACCIA,S02033,1571395800000
10934,16,EGNA-TERMENO,S02032,1571396040000
10934,17,ORA,S02031,1571396340000
10934,18,BRONZOLO,S02030,1571396640000
10934,19,LAIVES,S02029,1571396880000
10934,20,BOLZANO,S02026,1571397720000
10935,1,BOLZANO,S02026,1571398440000
10935,2,LAIVES,S02029,1571398860000
10935,3,BRONZOLO,S02030,1571399100000
10935,4,ORA,S02031,1571399400000
10935,5,EGNA-TERMENO,S02032,1571399760000
10935,6,MAGRE`- CORTACCIA,S02033,1571400000000
10935,7,SALORNO,S02034,1571400300000
10935,8,MEZZOCORONA,S02035,1571400660000
10935,9,LAVIS,S02037,1571401020000
10935,10,TRENTO,S02038,1571401860000
10935,11,ROVERETO,S02044,1571402760000
10935,12,MORI,S02046,1571403060000
10935,13,SERRAVALLE,S02048,1571403360000
10935,14,ALA,S02049,1571403660000
10935,15,AVIO,S02050,1571403900000
10935,16,BORGHETTO,S02051,1571404200000
10935,17,PERI,S02052,1571404560000
10935,18,POSTO COMUNICAZIONE DOLCE`,S02053,1571404950000
10935,19,DOMEGLIARA,S02055,1571405340000
10935,20,VERONA PORTA NUOVA,S02430,1571406660000
10937,1,BOLZANO,S02026,1571400360000
10937,2,LAIVES,S02029,1571400780000
10937,3,BRONZOLO,S02030,1571400960000
10937,4,ORA,S02031,1571401260000
10937,5,EGNA-TERMENO,S02032,1571401560000
10937,6,MAGRE`- CORTACCIA,S02033,1571401800000
10937,7,SALORNO,S02034,1571402100000
10937,8,MEZZOCORONA,S02035,1571402460000
10937,9,LAVIS,S02037,1571402790000
10937,10,TRENTO,S02038,1571403240000
10937,11,ROVERETO,S02044,1571404320000
10938,1,TRENTO,S02038,1571396700000
10938,2,MEZZOCORONA,S02035,1571397300000
10938,3,SALORNO,S02034,1571397660000
10938,4,MAGRE`- CORTACCIA,S02033,1571397960000
10938,5,EGNA-TERMENO,S02032,1571398200000
10938,6,ORA,S02031,1571398500000
10938,7,BRONZOLO,S02030,1571398800000
10938,8,LAIVES,S02029,1571399040000
10938,9,BOLZANO,S02026,1571399520000
10939,1,BOLZANO,S02026,1571402160000
10939,2,LAIVES,S02029,1571402640000
10939,3,BRONZOLO,S02030,1571402940000
10939,4,ORA,S02031,1571403240000
10939,5,EGNA-TERMENO,S02032,1571403600000
10939,6,MAGRE`- CORTACCIA,S02033,1571403840000
10939,7,SALORNO,S02034,1571404140000
10939,8,MEZZOCORONA,S02035,1571404500000
10939,9,LAVIS,S02037,1571404860000
10939,10,TRENTO,S02038,1571405460000
10939,11,ROVERETO,S02044,1571406360000
10939,12,MORI,S02046,1571406660000
10939,13,SERRAVALLE,S02048,1571406960000
10939,14,ALA,S02049,1571407260000
10939,15,AVIO,S02050,1571407500000
10939,16,BORGHETTO,S02051,1571407800000
10939,17,PERI,S02052,1571408160000
10939,18,POSTO COMUNICAZIONE DOLCE`,S02053,1571408550000
10939,19,DOMEGLIARA,S02055,1571408940000
10939,20,VERONA PORTA NUOVA,S02430,1571410440000
10940,1,VERONA PORTA NUOVA,S02430,1571393340000
10940,2,DOMEGLIARA,S02055,1571394360000
10940,3,POSTO COMUNICAZIONE DOLCE`,S02053,1571394750000
10940,4,PERI,S02052,1571395140000
10940,5,BORGHETTO,S02051,1571395500000
10940,6,AVIO,S02050,1571395800000
10940,7,ALA,S02049,1571396100000
10940,8,SERRAVALLE,S02048,1571396460000
10940,9,MORI,S02046,1571396760000
10940,10,ROVERETO,S02044,1571397060000
10940,11,TRENTO,S02038,1571398200000
10940,12,LAVIS,S02037,1571398740000
10940,13,MEZZOCORONA,S02035,1571399100000
10940,14,SALORNO,S02034,1571399460000
10940,15,MAGRE`- CORTACCIA,S02033,1571399760000
10940,16,EGNA-TERMENO,S02032,1571400000000
10940,17,ORA,S02031,1571400300000
10940,18,BRONZOLO,S02030,1571400600000
10940,19,LAIVES,S02029,1571400840000
10940,20,BOLZANO,S02026,1571401320000
10941,1,TRENTO,S02038,1571407020000
10941,2,ROVERETO,S02044,1571407860000
10941,3,MORI,S02046,1571408100000
10941,4,ALA,S02049,1571408700000
10942,1,ALA,S02049,1571398620000
10942,2,MORI,S02046,1571399040000
10942,3,ROVERETO,S02044,1571399340000
10942,4,TRENTO,S02038,1571400180000
10943,1,BOLZANO,S02026,1571405760000
10943,2,LAIVES,S02029,1571406240000
10943,3,BRONZOLO,S02030,1571406540000
10943,4,ORA,S02031,1571406840000
10943,5,EGNA-TERMENO,S02032,1571407200000
10943,6,MAGRE`- CORTACCIA,S02033,1571407440000
10943,7,SALORNO,S02034,1571407740000
10943,8,MEZZOCORONA,S02035,1571408100000
10943,9,LAVIS,S02037,1571408460000
10943,10,TRENTO,S02038,1571409060000
10943,11,ROVERETO,S02044,1571409960000
10943,12,MORI,S02046,1571410260000
10943,13,SERRAVALLE,S02048,1571410560000
10943,14,ALA,S02049,1571410860000
10943,15,AVIO,S02050,1571411100000
10943,16,BORGHETTO,S02051,1571411400000
10943,17,PERI,S02052,1571411760000
10943,18,POSTO COMUNICAZIONE DOLCE`,S02053,1571412150000
10943,19,DOMEGLIARA,S02055,1571412540000
10943,20,VERONA PORTA NUOVA,S02430,1571413860000
10944,1,VERONA PORTA NUOVA,S02430,1571396220000
10944,2,DOMEGLIARA,S02055,1571397120000
10944,3,POSTO COMUNICAZIONE DOLCE`,S02053,1571397570000
10944,4,PERI,S02052,1571397960000
10944,5,BORGHETTO,S02051,1571398320000
10944,6,AVIO,S02050,1571398620000
10944,7,ALA,S02049,1571398980000
10944,8,SERRAVALLE,S02048,1571399340000
10944,9,MORI,S02046,1571399640000
10944,10,ROVERETO,S02044,1571400420000
10944,11,TRENTO,S02038,1571401320000
10944,12,LAVIS,S02037,1571401920000
10944,13,MEZZOCORONA,S02035,1571402340000
10944,14,SALORNO,S02034,1571402700000
10944,15,MAGRE`- CORTACCIA,S02033,1571403000000
10944,16,EGNA-TERMENO,S02032,1571403240000
10944,17,ORA,S02031,1571403540000
10944,18,BRONZOLO,S02030,1571403840000
10944,19,LAIVES,S02029,1571404080000
10944,20,BOLZANO,S02026,1571404920000
10945,1,BOLZANO,S02026,1571407560000
10945,2,LAIVES,S02029,1571407980000
10945,3,BRONZOLO,S02030,1571408160000
10945,4,ORA,S02031,1571408460000
10945,5,EGNA-TERMENO,S02032,1571408760000
10945,6,MAGRE`- CORTACCIA,S02033,1571409060000
10945,7,SALORNO,S02034,1571409360000
10945,8,MEZZOCORONA,S02035,1571409720000
10945,9,TRENTO,S02038,1571410440000
10945,10,ROVERETO,S02044,1571411400000
10945,11,MORI,S02046,1571411700000
10945,12,ALA,S02049,1571412420000
10946,1,ALA,S02049,1571402220000
10946,2,MORI,S02046,1571402640000
10946,3,ROVERETO,S02044,1571402940000
10946,4,TRENTO,S02038,1571403780000
10946,5,MEZZOCORONA,S02035,1571404500000
10946,6,SALORNO,S02034,1571404860000
10946,7,MAGRE`- CORTACCIA,S02033,1571405160000
10946,8,EGNA-TERMENO,S02032,1571405400000
10946,9,ORA,S02031,1571405700000
10946,10,BRONZOLO,S02030,1571406000000
10946,11,LAIVES,S02029,1571406240000
10946,12,BOLZANO,S02026,1571406720000
10947,1,BOLZANO,S02026,1571409360000
10947,2,LAIVES,S02029,1571409840000
10947,3,BRONZOLO,S02030,1571410140000
10947,4,ORA,S02031,1571410440000
10947,5,EGNA-TERMENO,S02032,1571410800000
10947,6,MAGRE`- CORTACCIA,S02033,1571411040000
10947,7,SALORNO,S02034,1571411340000
10947,8,MEZZOCORONA,S02035,1571411700000
10947,9,LAVIS,S02037,1571412060000
10947,10,TRENTO,S02038,1571412660000
10947,11,ROVERETO,S02044,1571413560000
10947,12,MORI,S02046,1571413860000
10947,13,SERRAVALLE,S02048,1571414160000
10947,14,ALA,S02049,1571414460000
10947,15,AVIO,S02050,1571414700000
10947,16,BORGHETTO,S02051,1571415000000
10947,17,PERI,S02052,1571415360000
10947,18,POSTO COMUNICAZIONE DOLCE`,S02053,1571415750000
10947,19,DOMEGLIARA,S02055,1571416140000
10947,20,VERONA PORTA NUOVA,S02430,1571417640000
10948,1,VERONA PORTA NUOVA,S02430,1571400540000
10948,2,DOMEGLIARA,S02055,1571401560000
10948,3,POSTO COMUNICAZIONE DOLCE`,S02053,1571401950000
10948,4,PERI,S02052,1571402340000
10948,5,BORGHETTO,S02051,1571402700000
10948,6,AVIO,S02050,1571403000000
10948,7,ALA,S02049,1571403300000
10948,8,SERRAVALLE,S02048,1571403660000
10948,9,MORI,S02046,1571403960000
10948,10,ROVERETO,S02044,1571404260000
10948,11,TRENTO,S02038,1571405400000
10948,12,LAVIS,S02037,1571405940000
10948,13,MEZZOCORONA,S02035,1571406300000
10948,14,SALORNO,S02034,1571406660000
10948,15,MAGRE`- CORTACCIA,S02033,1571406960000
10948,16,EGNA-TERMENO,S02032,1571407200000
10948,17,ORA,S02031,1571407500000
10948,18,BRONZOLO,S02030,1571407800000
10948,19,LAIVES,S02029,1571408040000
10948,20,BOLZANO,S02026,1571408520000
10949,1,BOLZANO,S02026,1571411040000
10949,2,LAIVES,S02029,1571411460000
10949,3,BRONZOLO,S02030,1571411640000
10949,4,ORA,S02031,1571411940000
10949,5,EGNA-TERMENO,S02032,1571412240000
10949,6,MAGRE`- CORTACCIA,S02033,1571412480000
10949,7,SALORNO,S02034,1571412780000
10949,8,MEZZOCORONA,S02035,1571413140000
10949,9,TRENTO,S02038,1571414160000
10949,10,ROVERETO,S02044,1571415060000
10949,11,MORI,S02046,1571415300000
10949,12,ALA,S02049,1571415900000
10950,1,ROVERETO,S02044,1571406600000
10950,2,TRENTO,S02038,1571407380000
10950,3,MEZZOCORONA,S02035,1571408100000
10950,4,SALORNO,S02034,1571408460000
10950,5,MAGRE`- CORTACCIA,S02033,1571408760000
10950,6,EGNA-TERMENO,S02032,1571409000000
10950,7,ORA,S02031,1571409300000
10950,8,BRONZOLO,S02030,1571409600000
10950,9,LAIVES,S02029,1571409840000
10950,10,BOLZANO,S02026,1571410320000
10951,1,BOLZANO,S02026,1571412960000
10951,2,LAIVES,S02029,1571413440000
10951,3,BRONZOLO,S02030,1571413740000
10951,4,ORA,S02031,1571414040000
10951,5,EGNA-TERMENO,S02032,1571414400000
10951,6,MAGRE`- CORTACCIA,S02033,1571414640000
10951,7,SALORNO,S02034,1571414940000
10951,8,MEZZOCORONA,S02035,1571415300000
10951,9,LAVIS,S02037,1571415660000
10951,10,TRENTO,S02038,1571416260000
10951,11,ROVERETO,S02044,1571417160000
10951,12,MORI,S02046,1571417460000
10951,13,SERRAVALLE,S02048,1571417760000
10951,14,ALA,S02049,1571418060000
10951,15,AVIO,S02050,1571418300000
10951,16,BORGHETTO,S02051,1571418600000
10951,17,PERI,S02052,1571418960000
10951,18,POSTO COMUNICAZIONE DOLCE`,S02053,1571419350000
10951,19,DOMEGLIARA,S02055,1571419740000
10951,20,VERONA PORTA NUOVA,S02430,1571421060000
10952,1,VERONA PORTA NUOVA,S02430,1571404140000
10952,2,DOMEGLIARA,S02055,1571405160000
10952,3,POSTO COMUNICAZIONE DOLCE`,S02053,1571405550000
10952,4,PERI,S02052,1571405940000
10952,5,BORGHETTO,S02051,1571406300000
10952,6,AVIO,S02050,1571406600000
10952,7,ALA,S02049,1571406900000
10952,8,SERRAVALLE,S02048,1571407260000
10952,9,MORI,S02046,1571407560000
10952,10,ROVERETO,S02044,1571407860000
10952,11,TRENTO,S02038,1571409000000
10952,12,LAVIS,S02037,1571409540000
10952,13,MEZZOCORONA,S02035,1571409900000
10952,14,SALORNO,S02034,1571410260000
10952,15,MAGRE`- CORTACCIA,S02033,1571410560000
10952,16,EGNA-TERMENO,S02032,1571410800000
10952,17,ORA,S02031,1571411100000
10952,18,BRONZOLO,S02030,1571411400000
10952,19,LAIVES,S02029,1571411640000
10952,20,BOLZANO,S02026,1571412120000
10953,1,BOLZANO,S02026,1571414760000
10953,2,LAIVES,S02029,1571415180000
10953,3,BRONZOLO,S02030,1571415360000
10953,4,ORA,S02031,1571415660000
10953,5,EGNA-TERMENO,S02032,1571415960000
10953,6,MAGRE`- CORTACCIA,S02033,1571416200000
10953,7,SALORNO,S02034,1571416500000
10953,8,MEZZOCORONA,S02035,1571416860000
10953,9,TRENTO,S02038,1571417580000
10953,10,ROVERETO,S02044,1571418540000
10953,11,MORI,S02046,1571418780000
10953,12,ALA,S02049,1571419380000
10954,1,ALA,S02049,1571409420000
10954,2,MORI,S02046,1571409840000
10954,3,ROVERETO,S02044,1571410140000
10954,4,TRENTO,S02038,1571410980000
10954,5,MEZZOCORONA,S02035,1571411700000
10954,6,SALORNO,S02034,1571412060000
10954,7,MAGRE`- CORTACCIA,S02033,1571412360000
10954,8,EGNA-TERMENO,S02032,1571412600000
10954,9,ORA,S02031,1571412900000
10954,10,BRONZOLO,S02030,1571413200000
10954,11,LAIVES,S02029,1571413440000
10954,12,BOLZANO,S02026,1571413920000
10955,1,BOLZANO,S02026,1571416560000
10955,2,LAIVES,S02029,1571417040000
10955,3,BRONZOLO,S02030,1571417340000
10955,4,ORA,S02031,1571417640000
10955,5,EGNA-TERMENO,S02032,1571418000000
10955,6,MAGRE`- CORTACCIA,S02033,1571418240000
10955,7,SALORNO,S02034,1571418540000
10955,8,MEZZOCORONA,S02035,1571418900000
10955,9,LAVIS,S02037,1571419260000
10955,10,TRENTO,S02038,1571419860000
10955,11,ROVERETO,S02044,1571420760000
10955,12,MORI,S02046,1571421060000
10955,13,SERRAVALLE,S02048,1571421360000
10955,14,ALA,S02049,1571421660000
10955,15,AVIO,S02050,1571421900000
10955,16,BORGHETTO,S02051,1571422200000
10955,17,PERI,S02052,1571422560000
10955,18,POSTO COMUNICAZIONE DOLCE`,S02053,1571422950000
10955,19,DOMEGLIARA,S02055,1571423340000
10955,20,VERONA PORTA NUOVA,S02430,1571424660000
10956,1,VERONA PORTA NUOVA,S02430,1571407740000
10956,2,DOMEGLIARA,S02055,1571408760000
10956,3,POSTO COMUNICAZIONE DOLCE`,S02053,1571409150000
10956,4,PERI,S02052,1571409540000
10956,5,BORGHETTO,S02051,1571409900000
10956,6,AVIO,S02050,1571410200000
10956,7,ALA,S02049,1571410500000
10956,8,SERRAVALLE,S02048,1571410860000
10956,9,MORI,S02046,1571411160000
10956,10,ROVERETO,S02044,1571411460000
10956,11,TRENTO,S02038,1571412600000
10956,12,LAVIS,S02037,1571413140000
10956,13,MEZZOCORONA,S02035,1571413500000
10956,14,SALORNO,S02034,1571413860000
10956,15,MAGRE`- CORTACCIA,S02033,1571414160000
10956,16,EGNA-TERMENO,S02032,1571414400000
10956,17,ORA,S02031,1571414700000
10956,18,BRONZOLO,S02030,1571415000000
10956,19,LAIVES,S02029,1571415240000
10956,20,BOLZANO,S02026,1571415720000
10956,21,PONTE GARDENA,S02020,1571416740000
10956,22,CHIUSA,S02017,1571417160000
10956,23,BRESSANONE,S02014,1571417700000
10956,24,FORTEZZA,S02011,1571418240000
10956,25,CAMPO DI TRENS,S02007,1571418990000
10956,26,VIPITENO,S02006,1571419320000
10956,27,COLLE ISARCO,S02005,1571419710000
10956,28,BRENNERO,S02001,1571420640000
10957,1,BOLZANO,S02026,1571418360000
10957,2,LAIVES,S02029,1571418780000
10957,3,BRONZOLO,S02030,1571418960000
10957,4,ORA,S02031,1571419260000
10957,5,EGNA-TERMENO,S02032,1571419560000
10957,6,MAGRE`- CORTACCIA,S02033,1571419800000
10957,7,SALORNO,S02034,1571420100000
10957,8,MEZZOCORONA,S02035,1571420460000
10957,9,TRENTO,S02038,1571421180000
10957,10,ROVERETO,S02044,1571422140000
10957,11,MORI,S02046,1571422380000
10957,12,ALA,S02049,1571422980000
10957,13,DOMEGLIARA,S02055,1571424240000
10957,14,VERONA PORTA NUOVA,S02430,1571425680000
10959,1,BOLZANO,S02026,1571420160000
10959,2,LAIVES,S02029,1571420640000
10959,3,BRONZOLO,S02030,1571420940000
10959,4,ORA,S02031,1571421240000
10959,5,EGNA-TERMENO,S02032,1571421600000
10959,6,MAGRE`- CORTACCIA,S02033,1571421840000
10959,7,SALORNO,S02034,1571422140000
10959,8,MEZZOCORONA,S02035,1571422500000
10959,9,LAVIS,S02037,1571422860000
10959,10,TRENTO,S02038,1571423460000
10959,11,ROVERETO,S02044,1571424360000
10959,12,MORI,S02046,1571424660000
10959,13,SERRAVALLE,S02048,1571424960000
10959,14,ALA,S02049,1571425260000
10959,15,AVIO,S02050,1571425500000
10959,16,BORGHETTO,S02051,1571425800000
10959,17,PERI,S02052,1571426160000
10959,18,POSTO COMUNICAZIONE DOLCE`,S02053,1571426550000
10959,19,DOMEGLIARA,S02055,1571426940000
10959,20,VERONA PORTA NUOVA,S02430,1571428260000
10960,1,ALA,S02049,1571413020000
10960,2,MORI,S02046,1571413440000
10960,3,ROVERETO,S02044,1571413740000
10960,4,TRENTO,S02038,1571414580000
10960,5,MEZZOCORONA,S02035,1571415300000
10960,6,SALORNO,S02034,1571415660000
10960,7,MAGRE`- CORTACCIA,S02033,1571415960000
10960,8,EGNA-TERMENO,S02032,1571416200000
10960,9,ORA,S02031,1571416500000
10960,10,BRONZOLO,S02030,1571416800000
10960,11,LAIVES,S02029,1571417040000
10960,12,BOLZANO,S02026,1571417520000
10961,1,BOLZANO,S02026,1571424000000
10961,2,LAIVES,S02029,1571424480000
10961,3,BRONZOLO,S02030,1571424840000
10961,4,ORA,S02031,1571425140000
10961,5,EGNA-TERMENO,S02032,1571425560000
10961,6,MAGRE`- CORTACCIA,S02033,1571425800000
10961,7,SALORNO,S02034,1571426100000
10961,8,MEZZOCORONA,S02035,1571426460000
10961,9,LAVIS,S02037,1571426820000
10961,10,TRENTO,S02038,1571427420000
10961,11,ROVERETO,S02044,1571428380000
10961,12,MORI,S02046,1571428740000
10961,13,SERRAVALLE,S02048,1571429040000
10961,14,ALA,S02049,1571429400000
10961,15,AVIO,S02050,1571429640000
10961,16,BORGHETTO,S02051,1571429940000
10961,17,PERI,S02052,1571430300000
10961,18,POSTO COMUNICAZIONE DOLCE`,S02053,1571430690000
10961,19,DOMEGLIARA,S02055,1571431080000
10961,20,VERONA PORTA NUOVA,S02430,1571432400000
10962,1,VERONA PORTA NUOVA,S02430,1571411340000
10962,2,DOMEGLIARA,S02055,1571412360000
10962,3,POSTO COMUNICAZIONE DOLCE`,S02053,1571412750000
10962,4,PERI,S02052,1571413140000
10962,5,BORGHETTO,S02051,1571413500000
10962,6,AVIO,S02050,1571413800000
10962,7,ALA,S02049,1571414100000
10962,8,SERRAVALLE,S02048,1571414460000
10962,9,MORI,S02046,1571414760000
10962,10,ROVERETO,S02044,1571415060000
10962,11,TRENTO,S02038,1571416200000
10962,12,LAVIS,S02037,1571416740000
10962,13,MEZZOCORONA,S02035,1571417100000
10962,14,SALORNO,S02034,1571417460000
10962,15,MAGRE`- CORTACCIA,S02033,1571417760000
10962,16,EGNA-TERMENO,S02032,1571418000000
10962,17,ORA,S02031,1571418300000
10962,18,BRONZOLO,S02030,1571418600000
10962,19,LAIVES,S02029,1571418840000
10962,20,BOLZANO,S02026,1571419380000
10963,1,BOLZANO,S02026,1571427360000
10963,2,LAIVES,S02029,1571427840000
10963,3,BRONZOLO,S02030,1571428140000
10963,4,ORA,S02031,1571428440000
10963,5,EGNA-TERMENO,S02032,1571428800000
10963,6,MAGRE`- CORTACCIA,S02033,1571429040000
10963,7,SALORNO,S02034,1571429340000
10963,8,MEZZOCORONA,S02035,1571429700000
10963,9,LAVIS,S02037,1571430060000
10963,10,TRENTO,S02038,1571430660000
10964,1,ALA,S02049,1571416620000
10964,2,MORI,S02046,1571417040000
10964,3,ROVERETO,S02044,1571417340000
10964,4,TRENTO,S02038,1571418180000
10966,1,VERONA PORTA NUOVA,S02430,1571414940000
10966,2,DOMEGLIARA,S02055,1571415960000
10966,3,POSTO COMUNICAZIONE DOLCE`,S02053,1571416350000
10966,4,PERI,S02052,1571416740000
10966,5,BORGHETTO,S02051,1571417100000
10966,6,AVIO,S02050,1571417400000
10966,7,ALA,S02049,1571417700000
10966,8,SERRAVALLE,S02048,1571418060000
10966,9,MORI,S02046,1571418360000
10966,10,ROVERETO,S02044,1571418660000
10966,11,TRENTO,S02038,1571419800000
10966,12,LAVIS,S02037,1571420340000
10966,13,MEZZOCORONA,S02035,1571420700000
10966,14,SALORNO,S02034,1571421060000
10966,15,MAGRE`- CORTACCIA,S02033,1571421360000
10966,16,EGNA-TERMENO,S02032,1571421600000
10966,17,ORA,S02031,1571421900000
10966,18,BRONZOLO,S02030,1571422200000
10966,19,LAIVES,S02029,1571422440000
10966,20,BOLZANO,S02026,1571422920000
10967,1,BOLZANO,S02026,1571421960000
10967,2,LAIVES,S02029,1571422380000
10967,3,BRONZOLO,S02030,1571422560000
10967,4,ORA,S02031,1571422860000
10967,5,EGNA-TERMENO,S02032,1571423160000
10967,6,MAGRE`- CORTACCIA,S02033,1571423400000
10967,7,SALORNO,S02034,1571423700000
10967,8,MEZZOCORONA,S02035,1571424060000
10967,9,TRENTO,S02038,1571424840000
10968,1,ALA,S02049,1571420220000
10968,2,MORI,S02046,1571420640000
10968,3,ROVERETO,S02044,1571420940000
10968,4,TRENTO,S02038,1571421780000
10969,1,BRENNERO,S02001,1571423880000
10969,2,COLLE ISARCO,S02005,1571424570000
10969,3,VIPITENO,S02006,1571424900000
10969,4,CAMPO DI TRENS,S02007,1571425230000
10969,5,FORTEZZA,S02011,1571425980000
10970,1,VERONA PORTA NUOVA,S02430,1571418540000
10970,2,DOMEGLIARA,S02055,1571419560000
10970,3,POSTO COMUNICAZIONE DOLCE`,S02053,1571419950000
10970,4,PERI,S02052,1571420340000
10970,5,BORGHETTO,S02051,1571420700000
10970,6,AVIO,S02050,1571421000000
10970,7,ALA,S02049,1571421300000
10970,8,SERRAVALLE,S02048,1571421660000
10970,9,MORI,S02046,1571421960000
10970,10,ROVERETO,S02044,1571422260000
10970,11,TRENTO,S02038,1571423400000
10970,12,LAVIS,S02037,1571423940000
10970,13,MEZZOCORONA,S02035,1571424300000
10970,14,SALORNO,S02034,1571424660000
10970,15,MAGRE`- CORTACCIA,S02033,1571424960000
10970,16,EGNA-TERMENO,S02032,1571425200000
10970,17,ORA,S02031,1571425500000
10970,18,BRONZOLO,S02030,1571425800000
10970,19,LAIVES,S02029,1571426040000
10970,20,BOLZANO,S02026,1571426820000
10972,1,VERONA PORTA NUOVA,S02430,1571422140000
10972,2,DOMEGLIARA,S02055,1571423160000
10972,3,POSTO COMUNICAZIONE DOLCE`,S02053,1571423550000
10972,4,PERI,S02052,1571423940000
10972,5,BORGHETTO,S02051,1571424300000
10972,6,AVIO,S02050,1571424600000
10972,7,ALA,S02049,1571424900000
10972,8,SERRAVALLE,S02048,1571425260000
10972,9,MORI,S02046,1571425560000
10972,10,ROVERETO,S02044,1571425860000
10972,11,TRENTO,S02038,1571426640000
10972,12,LAVIS,S02037,1571427180000
10972,13,MEZZOCORONA,S02035,1571427540000
10972,14,SALORNO,S02034,1571427900000
10972,15,MAGRE`- CORTACCIA,S02033,1571428200000
10972,16,EGNA-TERMENO,S02032,1571428440000
10972,17,ORA,S02031,1571428740000
10972,18,BRONZOLO,S02030,1571429040000
10972,19,LAIVES,S02029,1571429280000
10972,20,BOLZANO,S02026,1571430120000
10974,1,VERONA PORTA NUOVA,S02430,1571425740000
10974,2,DOMEGLIARA,S02055,1571426760000
10974,3,POSTO COMUNICAZIONE DOLCE`,S02053,1571427150000
10974,4,PERI,S02052,1571427540000
10974,5,BORGHETTO,S02051,1571427900000
10974,6,AVIO,S02050,1571428200000
10974,7,ALA,S02049,1571428500000
10974,8,SERRAVALLE,S02048,1571428860000
10974,9,MORI,S02046,1571429160000
10974,10,ROVERETO,S02044,1571429460000
10974,11,TRENTO,S02038,1571430600000
10974,12,LAVIS,S02037,1571431140000
10974,13,MEZZOCORONA,S02035,1571431500000
10974,14,SALORNO,S02034,1571431860000
10974,15,MAGRE`- CORTACCIA,S02033,1571432160000
10974,16,EGNA-TERMENO,S02032,1571432400000
10974,17,ORA,S02031,1571432700000
10974,18,BRONZOLO,S02030,1571433000000
10974,19,LAIVES,S02029,1571433240000
10974,20,BOLZANO,S02026,1571433720000
