Latitude;Longitude;Elevation;Time;Name;
45.806744;10.527744;365.5;1970-01-01T00:00:00Z;;
45.806801;10.527661;365.2;1970-01-01T00:00:00Z;;
45.806898;10.527599;364.8;1970-01-01T00:00:00Z;;
45.807016;10.527555;364.3;1970-01-01T00:00:00Z;;
45.807111;10.527562;364.1;1970-01-01T00:00:00Z;;
45.807189;10.52758;364.1;1970-01-01T00:00:00Z;;
45.807238;10.52763;364.2;1970-01-01T00:00:00Z;;
45.807287;10.527707;364.4;1970-01-01T00:00:00Z;;
45.80732;10.527799;364.7;1970-01-01T00:00:00Z;;
45.807358;10.527915;365.0;1970-01-01T00:00:00Z;;
45.807401;10.527954;365.2;1970-01-01T00:00:00Z;;
45.807464;10.527988;365.3;1970-01-01T00:00:00Z;;
45.807574;10.527994;365.3;1970-01-01T00:00:00Z;;
45.80765;10.52797;365.2;1970-01-01T00:00:00Z;;
45.807703;10.52797;365.2;1970-01-01T00:00:00Z;;
45.807755;10.528012;365.4;1970-01-01T00:00:00Z;;
45.807796;10.528085;365.8;1970-01-01T00:00:00Z;;
45.807842;10.528185;366.3;1970-01-01T00:00:00Z;;
45.807908;10.528289;366.8;1970-01-01T00:00:00Z;;
45.808032;10.528388;366.9;1970-01-01T00:00:00Z;;
45.808149;10.528476;366.8;1970-01-01T00:00:00Z;;
45.808281;10.528614;366.8;1970-01-01T00:00:00Z;;
45.808339;10.528771;367.0;1970-01-01T00:00:00Z;;
45.808377;10.528937;366.8;1970-01-01T00:00:00Z;;
45.808409;10.529076;366.8;1970-01-01T00:00:00Z;;
45.808444;10.529193;366.8;1970-01-01T00:00:00Z;;
45.808487;10.529297;366.7;1970-01-01T00:00:00Z;;
45.808522;10.529375;366.8;1970-01-01T00:00:00Z;;
45.808575;10.52948;366.9;1970-01-01T00:00:00Z;;
45.808654;10.529611;367.0;1970-01-01T00:00:00Z;;
45.808742;10.529755;367.0;1970-01-01T00:00:00Z;;
45.808822;10.52986;366.9;1970-01-01T00:00:00Z;;
45.808901;10.529965;366.7;1970-01-01T00:00:00Z;;
45.808963;10.530031;366.6;1970-01-01T00:00:00Z;;
45.80898;10.530109;366.6;1970-01-01T00:00:00Z;;
45.809006;10.530238;366.6;1970-01-01T00:00:00Z;;
45.809038;10.530471;366.7;1970-01-01T00:00:00Z;;
45.809063;10.530664;366.9;1970-01-01T00:00:00Z;;
45.809097;10.530846;367.1;1970-01-01T00:00:00Z;;
45.809122;10.530988;367.2;1970-01-01T00:00:00Z;;
45.809156;10.53113;367.4;1970-01-01T00:00:00Z;;
45.80919;10.531286;367.6;1970-01-01T00:00:00Z;;
45.809215;10.531415;367.8;1970-01-01T00:00:00Z;;
45.809232;10.531519;368.1;1970-01-01T00:00:00Z;;
45.809231;10.531596;368.3;1970-01-01T00:00:00Z;;
45.809238;10.531725;368.6;1970-01-01T00:00:00Z;;
45.809236;10.531828;368.8;1970-01-01T00:00:00Z;;
45.809235;10.531918;369.0;1970-01-01T00:00:00Z;;
45.809198;10.532316;369.5;1970-01-01T00:00:00Z;;
45.809136;10.532876;369.5;1970-01-01T00:00:00Z;;
45.809129;10.533081;369.2;1970-01-01T00:00:00Z;;
45.809114;10.533286;368.8;1970-01-01T00:00:00Z;;
45.809151;10.533749;368.0;1970-01-01T00:00:00Z;;
45.809224;10.534304;367.3;1970-01-01T00:00:00Z;;
45.809351;10.534818;367.3;1970-01-01T00:00:00Z;;
45.809469;10.535347;367.9;1970-01-01T00:00:00Z;;
45.80966;10.535847;368.7;1970-01-01T00:00:00Z;;
45.809854;10.536306;369.3;1970-01-01T00:00:00Z;;
45.809961;10.536492;369.2;1970-01-01T00:00:00Z;;
45.810047;10.536624;369.1;1970-01-01T00:00:00Z;;
45.810161;10.536765;369.1;1970-01-01T00:00:00Z;;
45.810367;10.536875;369.2;1970-01-01T00:00:00Z;;
45.810717;10.537103;369.0;1970-01-01T00:00:00Z;;
45.811411;10.537563;369.5;1970-01-01T00:00:00Z;;
45.811844;10.537907;370.4;1970-01-01T00:00:00Z;;
45.812106;10.53816;371.0;1970-01-01T00:00:00Z;;
45.812285;10.538365;370.7;1970-01-01T00:00:00Z;;
45.812522;10.538656;370.1;1970-01-01T00:00:00Z;;
45.812999;10.539472;368.4;1970-01-01T00:00:00Z;;
45.813218;10.539923;369.3;1970-01-01T00:00:00Z;;
45.813353;10.540225;369.9;1970-01-01T00:00:00Z;;
45.813673;10.541073;370.9;1970-01-01T00:00:00Z;;
45.81397;10.541824;370.5;1970-01-01T00:00:00Z;;
45.814233;10.542413;370.9;1970-01-01T00:00:00Z;;
45.814478;10.542847;371.1;1970-01-01T00:00:00Z;;
45.814749;10.543207;371.1;1970-01-01T00:00:00Z;;
45.815014;10.543488;371.2;1970-01-01T00:00:00Z;;
45.815234;10.543702;371.0;1970-01-01T00:00:00Z;;
45.815658;10.54404;371.4;1970-01-01T00:00:00Z;;
45.815833;10.544117;371.6;1970-01-01T00:00:00Z;;
45.816018;10.544218;371.6;1970-01-01T00:00:00Z;;
45.81637;10.544375;371.3;1970-01-01T00:00:00Z;;
45.816592;10.544559;370.6;1970-01-01T00:00:00Z;;
45.817025;10.544998;370.5;1970-01-01T00:00:00Z;;
45.817204;10.545314;370.9;1970-01-01T00:00:00Z;;
45.817338;10.54548;371.0;1970-01-01T00:00:00Z;;
45.81752;10.545845;371.5;1970-01-01T00:00:00Z;;
45.817757;10.546437;372.8;1970-01-01T00:00:00Z;;
45.818033;10.547148;373.7;1970-01-01T00:00:00Z;;
45.818216;10.547649;373.3;1970-01-01T00:00:00Z;;
45.818418;10.548212;374.0;1970-01-01T00:00:00Z;;
45.818544;10.548547;374.9;1970-01-01T00:00:00Z;;
45.818594;10.548765;375.6;1970-01-01T00:00:00Z;;
45.818672;10.548928;376.0;1970-01-01T00:00:00Z;;
45.818923;10.549324;376.2;1970-01-01T00:00:00Z;;
45.819164;10.549641;375.8;1970-01-01T00:00:00Z;;
45.819343;10.54989;375.5;1970-01-01T00:00:00Z;;
45.819579;10.550218;374.6;1970-01-01T00:00:00Z;;
45.819732;10.550447;374.9;1970-01-01T00:00:00Z;;
45.819796;10.550384;374.7;1970-01-01T00:00:00Z;;
45.819805;10.550371;374.7;1970-01-01T00:00:00Z;;
45.819805;10.550371;374.7;1970-01-01T00:00:00Z;;
45.819833;10.550334;374.6;1970-01-01T00:00:00Z;;
45.819879;10.550219;374.3;1970-01-01T00:00:00Z;;
45.819937;10.550151;374.2;1970-01-01T00:00:00Z;;
45.81999;10.55011;374.1;1970-01-01T00:00:00Z;;
45.820072;10.550154;374.2;1970-01-01T00:00:00Z;;
45.820443;10.550378;374.0;1970-01-01T00:00:00Z;;
45.820911;10.550614;374.5;1970-01-01T00:00:00Z;;
45.821518;10.550895;373.8;1970-01-01T00:00:00Z;;
45.822092;10.551148;372.1;1970-01-01T00:00:00Z;;
45.822601;10.551392;372.9;1970-01-01T00:00:00Z;;
45.823007;10.551512;373.7;1970-01-01T00:00:00Z;;
45.823621;10.551664;374.4;1970-01-01T00:00:00Z;;
45.824153;10.551775;374.5;1970-01-01T00:00:00Z;;
45.824867;10.55179;374.2;1970-01-01T00:00:00Z;;
45.825736;10.551832;374.4;1970-01-01T00:00:00Z;;
45.827073;10.551889;374.2;1970-01-01T00:00:00Z;;
45.828036;10.551947;375.0;1970-01-01T00:00:00Z;;
45.82913;10.552009;376.0;1970-01-01T00:00:00Z;;
45.82992;10.552033;375.6;1970-01-01T00:00:00Z;;
45.831538;10.552117;375.1;1970-01-01T00:00:00Z;;
45.832366;10.552166;376.5;1970-01-01T00:00:00Z;;
45.832667;10.552197;377.8;1970-01-01T00:00:00Z;;
45.833261;10.552322;378.6;1970-01-01T00:00:00Z;;
45.834157;10.552611;377.7;1970-01-01T00:00:00Z;;
45.834523;10.552724;377.7;1970-01-01T00:00:00Z;;
45.83601;10.553246;378.4;1970-01-01T00:00:00Z;;
45.837436;10.553757;378.4;1970-01-01T00:00:00Z;;
45.838996;10.554316;378.8;1970-01-01T00:00:00Z;;
45.839709;10.554557;379.0;1970-01-01T00:00:00Z;;
45.840354;10.554696;379.0;1970-01-01T00:00:00Z;;
45.84113;10.554888;378.1;1970-01-01T00:00:00Z;;
45.842124;10.555047;377.6;1970-01-01T00:00:00Z;;
45.842523;10.555108;378.0;1970-01-01T00:00:00Z;;
45.843082;10.555248;378.4;1970-01-01T00:00:00Z;;
45.843559;10.555441;378.8;1970-01-01T00:00:00Z;;
45.843944;10.555658;379.7;1970-01-01T00:00:00Z;;
45.844826;10.556385;381.6;1970-01-01T00:00:00Z;;
45.845191;10.556679;382.2;1970-01-01T00:00:00Z;;
45.845548;10.556959;382.6;1970-01-01T00:00:00Z;;
45.845806;10.557173;382.7;1970-01-01T00:00:00Z;;
45.846099;10.557451;382.4;1970-01-01T00:00:00Z;;
45.846552;10.55785;382.3;1970-01-01T00:00:00Z;;
45.846766;10.558062;382.7;1970-01-01T00:00:00Z;;
45.846997;10.558316;382.9;1970-01-01T00:00:00Z;;
45.847146;10.558523;382.6;1970-01-01T00:00:00Z;;
45.847402;10.558904;382.5;1970-01-01T00:00:00Z;;
45.847587;10.559218;382.9;1970-01-01T00:00:00Z;;
45.847815;10.55965;383.8;1970-01-01T00:00:00Z;;
45.84806;10.560159;384.1;1970-01-01T00:00:00Z;;
45.848296;10.560706;384.3;1970-01-01T00:00:00Z;;
45.8484;10.560941;384.6;1970-01-01T00:00:00Z;;
45.848673;10.561425;384.8;1970-01-01T00:00:00Z;;
45.848971;10.561975;384.6;1970-01-01T00:00:00Z;;
45.849112;10.562249;385.0;1970-01-01T00:00:00Z;;
45.849311;10.56277;385.6;1970-01-01T00:00:00Z;;
45.849581;10.563434;385.4;1970-01-01T00:00:00Z;;
45.849755;10.563903;385.1;1970-01-01T00:00:00Z;;
45.84992;10.564332;385.3;1970-01-01T00:00:00Z;;
45.850114;10.56466;385.8;1970-01-01T00:00:00Z;;
45.850386;10.565118;385.7;1970-01-01T00:00:00Z;;
45.850704;10.565617;386.4;1970-01-01T00:00:00Z;;
45.850951;10.565971;387.0;1970-01-01T00:00:00Z;;
45.851305;10.566407;386.9;1970-01-01T00:00:00Z;;
45.851642;10.566738;387.4;1970-01-01T00:00:00Z;;
45.85199;10.567005;387.9;1970-01-01T00:00:00Z;;
45.852302;10.567194;388.1;1970-01-01T00:00:00Z;;
45.852552;10.56733;388.1;1970-01-01T00:00:00Z;;
45.852794;10.56744;388.1;1970-01-01T00:00:00Z;;
45.85299;10.567536;388.2;1970-01-01T00:00:00Z;;
45.853177;10.567683;388.5;1970-01-01T00:00:00Z;;
45.853355;10.567881;388.7;1970-01-01T00:00:00Z;;
45.853877;10.568527;389.4;1970-01-01T00:00:00Z;;
45.854083;10.568798;389.3;1970-01-01T00:00:00Z;;
45.854231;10.568974;389.2;1970-01-01T00:00:00Z;;
45.854292;10.569079;389.1;1970-01-01T00:00:00Z;;
45.854389;10.569249;389.0;1970-01-01T00:00:00Z;;
45.854381;10.568489;390.1;1970-01-01T00:00:00Z;;
45.854375;10.568158;390.5;1970-01-01T00:00:00Z;;
45.854377;10.568076;390.6;1970-01-01T00:00:00Z;;
45.854395;10.567931;390.8;1970-01-01T00:00:00Z;;
45.854392;10.56793;390.8;1970-01-01T00:00:00Z;;
45.85454;10.567973;390.9;1970-01-01T00:00:00Z;;
45.854792;10.567993;390.9;1970-01-01T00:00:00Z;;
45.855114;10.567984;391.0;1970-01-01T00:00:00Z;;
45.85535;10.568032;391.0;1970-01-01T00:00:00Z;;
45.855579;10.568108;391.0;1970-01-01T00:00:00Z;;
45.855862;10.568211;390.8;1970-01-01T00:00:00Z;;
45.856305;10.568379;390.6;1970-01-01T00:00:00Z;;
45.856607;10.568481;391.2;1970-01-01T00:00:00Z;;
45.856747;10.568563;391.4;1970-01-01T00:00:00Z;;
45.856898;10.568773;391.5;1970-01-01T00:00:00Z;;
45.857634;10.569749;391.1;1970-01-01T00:00:00Z;;
45.858188;10.570527;391.2;1970-01-01T00:00:00Z;;
45.858383;10.570902;392.6;1970-01-01T00:00:00Z;;
45.858608;10.571415;394.2;1970-01-01T00:00:00Z;;
45.858923;10.572193;394.4;1970-01-01T00:00:00Z;;
45.859173;10.572866;394.5;1970-01-01T00:00:00Z;;
45.859398;10.573389;394.5;1970-01-01T00:00:00Z;;
45.859669;10.573878;395.3;1970-01-01T00:00:00Z;;
45.859999;10.57456;394.1;1970-01-01T00:00:00Z;;
45.860264;10.574863;393.7;1970-01-01T00:00:00Z;;
45.860477;10.575115;393.6;1970-01-01T00:00:00Z;;
45.860901;10.575448;394.2;1970-01-01T00:00:00Z;;
45.861428;10.57581;396.1;1970-01-01T00:00:00Z;;
45.861674;10.576044;397.0;1970-01-01T00:00:00Z;;
45.86184;10.576313;397.1;1970-01-01T00:00:00Z;;
45.86193;10.576614;397.3;1970-01-01T00:00:00Z;;
45.862172;10.57756;397.0;1970-01-01T00:00:00Z;;
45.862656;10.579057;402.6;1970-01-01T00:00:00Z;;
45.862782;10.579402;403.4;1970-01-01T00:00:00Z;;
45.862846;10.579614;403.1;1970-01-01T00:00:00Z;;
45.862841;10.579718;405.2;1970-01-01T00:00:00Z;;
45.862761;10.579882;412.4;1970-01-01T00:00:00Z;;
45.862738;10.579947;415.1;1970-01-01T00:00:00Z;;
45.862765;10.579998;414.8;1970-01-01T00:00:00Z;;
45.862826;10.580077;412.8;1970-01-01T00:00:00Z;;
45.862925;10.580171;408.4;1970-01-01T00:00:00Z;;
45.863064;10.580307;409.2;1970-01-01T00:00:00Z;;
45.863269;10.580625;415.4;1970-01-01T00:00:00Z;;
45.863361;10.580794;418.6;1970-01-01T00:00:00Z;;
45.863405;10.580983;422.7;1970-01-01T00:00:00Z;;
45.863448;10.581074;423.6;1970-01-01T00:00:00Z;;
45.863495;10.581216;425.2;1970-01-01T00:00:00Z;;
45.86352;10.581307;427.8;1970-01-01T00:00:00Z;;
45.863581;10.581464;432.3;1970-01-01T00:00:00Z;;
45.863625;10.581581;435.2;1970-01-01T00:00:00Z;;
45.863687;10.581634;433.7;1970-01-01T00:00:00Z;;
45.863964;10.581797;428.4;1970-01-01T00:00:00Z;;
45.864214;10.581932;422.6;1970-01-01T00:00:00Z;;
45.864438;10.582003;414.5;1970-01-01T00:00:00Z;;
45.864707;10.582088;408.3;1970-01-01T00:00:00Z;;
45.864867;10.582183;409.9;1970-01-01T00:00:00Z;;
45.865145;10.58232;410.5;1970-01-01T00:00:00Z;;
45.865591;10.582551;410.3;1970-01-01T00:00:00Z;;
45.865716;10.582632;410.6;1970-01-01T00:00:00Z;;
45.865877;10.582753;410.9;1970-01-01T00:00:00Z;;
45.866358;10.583076;413.8;1970-01-01T00:00:00Z;;
45.866741;10.583383;415.8;1970-01-01T00:00:00Z;;
45.867034;10.583661;412.6;1970-01-01T00:00:00Z;;
45.86723;10.583848;413.4;1970-01-01T00:00:00Z;;
45.867318;10.583953;415.1;1970-01-01T00:00:00Z;;
45.867432;10.584162;418.2;1970-01-01T00:00:00Z;;
45.86759;10.584476;420.2;1970-01-01T00:00:00Z;;
45.867756;10.584816;422.2;1970-01-01T00:00:00Z;;
45.867897;10.585078;422.5;1970-01-01T00:00:00Z;;
45.868011;10.585248;423.6;1970-01-01T00:00:00Z;;
45.868171;10.585421;423.1;1970-01-01T00:00:00Z;;
45.868303;10.585643;425.0;1970-01-01T00:00:00Z;;
45.8684;10.585762;424.9;1970-01-01T00:00:00Z;;
45.868613;10.585948;421.9;1970-01-01T00:00:00Z;;
45.868836;10.586109;419.0;1970-01-01T00:00:00Z;;
45.869023;10.586256;418.3;1970-01-01T00:00:00Z;;
45.869148;10.586324;417.8;1970-01-01T00:00:00Z;;
45.869364;10.586356;414.3;1970-01-01T00:00:00Z;;
45.869517;10.586322;410.6;1970-01-01T00:00:00Z;;
45.869616;10.586363;410.0;1970-01-01T00:00:00Z;;
45.869777;10.586458;411.0;1970-01-01T00:00:00Z;;
45.86991;10.586552;411.9;1970-01-01T00:00:00Z;;
45.870088;10.586673;412.5;1970-01-01T00:00:00Z;;
45.870366;10.586771;411.7;1970-01-01T00:00:00Z;;
45.870653;10.586883;411.2;1970-01-01T00:00:00Z;;
45.870804;10.58699;411.2;1970-01-01T00:00:00Z;;
45.871099;10.587127;410.6;1970-01-01T00:00:00Z;;
45.871171;10.587181;410.9;1970-01-01T00:00:00Z;;
45.871241;10.587286;411.5;1970-01-01T00:00:00Z;;
45.871293;10.587455;413.4;1970-01-01T00:00:00Z;;
45.871354;10.587598;414.8;1970-01-01T00:00:00Z;;
45.871528;10.587977;417.5;1970-01-01T00:00:00Z;;
45.871579;10.588184;419.6;1970-01-01T00:00:00Z;;
45.871658;10.588393;420.8;1970-01-01T00:00:00Z;;
45.87178;10.58868;421.0;1970-01-01T00:00:00Z;;
45.871876;10.588863;420.5;1970-01-01T00:00:00Z;;
45.871937;10.589032;420.3;1970-01-01T00:00:00Z;;
45.872032;10.589267;418.6;1970-01-01T00:00:00Z;;
45.872119;10.589527;417.6;1970-01-01T00:00:00Z;;
45.872276;10.589918;421.8;1970-01-01T00:00:00Z;;
45.872388;10.590231;424.5;1970-01-01T00:00:00Z;;
45.872502;10.590466;426.1;1970-01-01T00:00:00Z;;
45.872667;10.590908;430.5;1970-01-01T00:00:00Z;;
45.872779;10.591247;431.1;1970-01-01T00:00:00Z;;
45.872875;10.591481;432.4;1970-01-01T00:00:00Z;;
45.873069;10.591796;433.8;1970-01-01T00:00:00Z;;
45.873166;10.591889;432.9;1970-01-01T00:00:00Z;;
45.873389;10.592037;428.4;1970-01-01T00:00:00Z;;
45.873586;10.592146;424.4;1970-01-01T00:00:00Z;;
45.873701;10.592252;423.5;1970-01-01T00:00:00Z;;
45.873834;10.592424;425.8;1970-01-01T00:00:00Z;;
45.873868;10.592579;429.5;1970-01-01T00:00:00Z;;
45.873902;10.592709;432.3;1970-01-01T00:00:00Z;;
45.873964;10.592762;432.5;1970-01-01T00:00:00Z;;
45.874018;10.592751;431.3;1970-01-01T00:00:00Z;;
45.874208;10.592731;427.3;1970-01-01T00:00:00Z;;
45.87427;10.592771;427.0;1970-01-01T00:00:00Z;;
45.874402;10.592955;427.9;1970-01-01T00:00:00Z;;
45.874622;10.593322;432.2;1970-01-01T00:00:00Z;;
45.87479;10.593533;434.2;1970-01-01T00:00:00Z;;
45.874995;10.593719;434.0;1970-01-01T00:00:00Z;;
45.875218;10.593868;432.8;1970-01-01T00:00:00Z;;
45.875397;10.593924;430.6;1970-01-01T00:00:00Z;;
45.875593;10.594097;431.9;1970-01-01T00:00:00Z;;
45.875903;10.59439;433.1;1970-01-01T00:00:00Z;;
45.875974;10.594469;433.3;1970-01-01T00:00:00Z;;
45.876081;10.594588;433.4;1970-01-01T00:00:00Z;;
45.876223;10.594695;433.5;1970-01-01T00:00:00Z;;
45.876356;10.594828;434.4;1970-01-01T00:00:00Z;;
45.876427;10.594933;435.5;1970-01-01T00:00:00Z;;
45.87648;10.594986;435.6;1970-01-01T00:00:00Z;;
45.876597;10.595041;434.2;1970-01-01T00:00:00Z;;
45.87674;10.595045;431.0;1970-01-01T00:00:00Z;;
45.87684;10.595009;428.1;1970-01-01T00:00:00Z;;
45.876968;10.594897;423.5;1970-01-01T00:00:00Z;;
45.87726;10.594596;416.3;1970-01-01T00:00:00Z;;
45.87726;10.594596;416.3;1970-01-01T00:00:00Z;;
45.877315;10.594546;415.8;1970-01-01T00:00:00Z;;
45.877397;10.594445;415.3;1970-01-01T00:00:00Z;;
45.877489;10.594268;414.8;1970-01-01T00:00:00Z;;
45.877618;10.594052;414.4;1970-01-01T00:00:00Z;;
45.877654;10.594053;414.3;1970-01-01T00:00:00Z;;
45.877698;10.594119;414.2;1970-01-01T00:00:00Z;;
45.877847;10.594445;413.5;1970-01-01T00:00:00Z;;
45.877996;10.594746;413.4;1970-01-01T00:00:00Z;;
45.87811;10.59493;413.8;1970-01-01T00:00:00Z;;
45.878233;10.595127;414.2;1970-01-01T00:00:00Z;;
45.878312;10.595284;414.4;1970-01-01T00:00:00Z;;
45.878444;10.595545;415.1;1970-01-01T00:00:00Z;;
45.87854;10.595728;415.7;1970-01-01T00:00:00Z;;
45.878645;10.595976;416.4;1970-01-01T00:00:00Z;;
45.878758;10.596224;416.9;1970-01-01T00:00:00Z;;
45.878951;10.596629;416.3;1970-01-01T00:00:00Z;;
45.879046;10.59689;416.0;1970-01-01T00:00:00Z;;
45.879107;10.597059;415.9;1970-01-01T00:00:00Z;;
45.879202;10.597281;416.8;1970-01-01T00:00:00Z;;
45.879308;10.597425;417.3;1970-01-01T00:00:00Z;;
45.879503;10.597663;417.8;1970-01-01T00:00:00Z;;
45.879681;10.597848;418.0;1970-01-01T00:00:00Z;;
45.87977;10.597915;418.2;1970-01-01T00:00:00Z;;
45.879993;10.597999;418.6;1970-01-01T00:00:00Z;;
45.880163;10.598094;419.0;1970-01-01T00:00:00Z;;
45.880414;10.598166;419.3;1970-01-01T00:00:00Z;;
45.880665;10.598263;419.7;1970-01-01T00:00:00Z;;
45.880879;10.598373;420.1;1970-01-01T00:00:00Z;;
45.881032;10.59839;420.3;1970-01-01T00:00:00Z;;
45.881292;10.598436;420.6;1970-01-01T00:00:00Z;;
45.881598;10.598445;420.8;1970-01-01T00:00:00Z;;
45.881832;10.598464;420.9;1970-01-01T00:00:00Z;;
45.882263;10.598541;421.2;1970-01-01T00:00:00Z;;
45.882622;10.598603;421.6;1970-01-01T00:00:00Z;;
45.882882;10.598675;422.0;1970-01-01T00:00:00Z;;
45.883151;10.59876;422.0;1970-01-01T00:00:00Z;;
45.883419;10.598896;421.9;1970-01-01T00:00:00Z;;
45.883624;10.599018;422.0;1970-01-01T00:00:00Z;;
45.883856;10.599167;422.4;1970-01-01T00:00:00Z;;
45.884026;10.599249;423.1;1970-01-01T00:00:00Z;;
45.884015;10.599234;423.1;1970-01-01T00:00:00Z;;
45.884103;10.599109;423.5;1970-01-01T00:00:00Z;;
45.884187;10.598915;424.0;1970-01-01T00:00:00Z;;
45.884289;10.598881;424.5;1970-01-01T00:00:00Z;;
45.884411;10.598937;425.0;1970-01-01T00:00:00Z;;
45.884853;10.599378;426.9;1970-01-01T00:00:00Z;;
45.88527;10.599749;428.5;1970-01-01T00:00:00Z;;
45.88542;10.599819;428.9;1970-01-01T00:00:00Z;;
45.88553;10.599811;428.9;1970-01-01T00:00:00Z;;
45.885566;10.599786;429.1;1970-01-01T00:00:00Z;;
45.885603;10.599697;429.5;1970-01-01T00:00:00Z;;
45.885668;10.599557;430.1;1970-01-01T00:00:00Z;;
45.885705;10.599506;430.2;1970-01-01T00:00:00Z;;
45.885707;10.599495;430.2;1970-01-01T00:00:00Z;;
45.885826;10.599313;430.8;1970-01-01T00:00:00Z;;
45.886016;10.599177;431.5;1970-01-01T00:00:00Z;;
45.886189;10.599092;432.2;1970-01-01T00:00:00Z;;
45.886342;10.599045;433.1;1970-01-01T00:00:00Z;;
45.886477;10.599048;433.9;1970-01-01T00:00:00Z;;
45.886791;10.599122;435.2;1970-01-01T00:00:00Z;;
45.887105;10.599183;436.4;1970-01-01T00:00:00Z;;
45.887356;10.599267;436.1;1970-01-01T00:00:00Z;;
45.887688;10.599354;435.9;1970-01-01T00:00:00Z;;
45.888092;10.599456;435.3;1970-01-01T00:00:00Z;;
45.888388;10.599529;434.6;1970-01-01T00:00:00Z;;
45.888737;10.599655;433.7;1970-01-01T00:00:00Z;;
45.889157;10.599886;434.3;1970-01-01T00:00:00Z;;
45.889424;10.600113;433.8;1970-01-01T00:00:00Z;;
45.889868;10.600486;432.3;1970-01-01T00:00:00Z;;
45.890349;10.600861;432.4;1970-01-01T00:00:00Z;;
45.891141;10.601477;433.7;1970-01-01T00:00:00Z;;
45.891177;10.60153;433.8;1970-01-01T00:00:00Z;;
45.891158;10.601606;433.7;1970-01-01T00:00:00Z;;
45.891074;10.60181;433.3;1970-01-01T00:00:00Z;;
45.890971;10.602091;432.7;1970-01-01T00:00:00Z;;
45.890858;10.602422;432.1;1970-01-01T00:00:00Z;;
45.890737;10.602702;431.5;1970-01-01T00:00:00Z;;
45.890609;10.602879;430.9;1970-01-01T00:00:00Z;;
45.890444;10.603081;430.3;1970-01-01T00:00:00Z;;
45.890344;10.603155;430.1;1970-01-01T00:00:00Z;;
45.890181;10.603202;429.9;1970-01-01T00:00:00Z;;
45.890029;10.603172;429.6;1970-01-01T00:00:00Z;;
45.889894;10.603155;429.3;1970-01-01T00:00:00Z;;
45.88984;10.603154;429.2;1970-01-01T00:00:00Z;;
45.889784;10.603255;429.0;1970-01-01T00:00:00Z;;
45.889589;10.603739;428.0;1970-01-01T00:00:00Z;;
45.889589;10.603739;428.0;1970-01-01T00:00:00Z;;
45.889589;10.603739;428.0;1970-01-01T00:00:00Z;;
45.889775;10.603951;429.5;1970-01-01T00:00:00Z;;
45.889898;10.604122;430.4;1970-01-01T00:00:00Z;;
45.889968;10.604292;431.1;1970-01-01T00:00:00Z;;
45.89009;10.604579;432.0;1970-01-01T00:00:00Z;;
45.890231;10.604776;434.4;1970-01-01T00:00:00Z;;
45.890425;10.60504;435.3;1970-01-01T00:00:00Z;;
45.89053;10.605287;436.6;1970-01-01T00:00:00Z;;
45.890652;10.605587;440.9;1970-01-01T00:00:00Z;;
45.890784;10.605797;443.3;1970-01-01T00:00:00Z;;
45.890935;10.605957;442.5;1970-01-01T00:00:00Z;;
45.891068;10.606051;440.0;1970-01-01T00:00:00Z;;
45.891275;10.606082;434.8;1970-01-01T00:00:00Z;;
45.891599;10.606066;434.8;1970-01-01T00:00:00Z;;
45.891969;10.606025;434.7;1970-01-01T00:00:00Z;;
45.892338;10.605971;434.7;1970-01-01T00:00:00Z;;
45.892707;10.60602;434.7;1970-01-01T00:00:00Z;;
45.893209;10.606164;435.0;1970-01-01T00:00:00Z;;
45.893389;10.606195;435.0;1970-01-01T00:00:00Z;;
45.893541;10.606186;435.1;1970-01-01T00:00:00Z;;
45.893613;10.606214;435.1;1970-01-01T00:00:00Z;;
45.893693;10.606281;435.0;1970-01-01T00:00:00Z;;
45.894057;10.606652;435.8;1970-01-01T00:00:00Z;;
45.894412;10.607023;435.2;1970-01-01T00:00:00Z;;
45.894651;10.607275;436.5;1970-01-01T00:00:00Z;;
45.894846;10.607474;438.3;1970-01-01T00:00:00Z;;
45.894918;10.607515;438.8;1970-01-01T00:00:00Z;;
45.894998;10.607556;439.2;1970-01-01T00:00:00Z;;
45.895134;10.607534;439.6;1970-01-01T00:00:00Z;;
45.895242;10.607486;439.8;1970-01-01T00:00:00Z;;
45.895352;10.607347;440.0;1970-01-01T00:00:00Z;;
45.895444;10.607234;440.3;1970-01-01T00:00:00Z;;
45.89558;10.607134;441.0;1970-01-01T00:00:00Z;;
45.895743;10.607075;442.0;1970-01-01T00:00:00Z;;
45.895914;10.607093;443.0;1970-01-01T00:00:00Z;;
45.895986;10.60712;443.5;1970-01-01T00:00:00Z;;
45.896074;10.607265;444.2;1970-01-01T00:00:00Z;;
45.896099;10.607394;444.5;1970-01-01T00:00:00Z;;
45.896096;10.607562;444.7;1970-01-01T00:00:00Z;;
45.89605;10.607689;444.5;1970-01-01T00:00:00Z;;
45.895984;10.607868;444.3;1970-01-01T00:00:00Z;;
45.895955;10.607983;444.3;1970-01-01T00:00:00Z;;
45.895963;10.608099;444.4;1970-01-01T00:00:00Z;;
45.895987;10.608268;444.6;1970-01-01T00:00:00Z;;
45.896084;10.608451;444.7;1970-01-01T00:00:00Z;;
45.896279;10.608676;444.2;1970-01-01T00:00:00Z;;
45.896581;10.608942;444.1;1970-01-01T00:00:00Z;;
45.896955;10.609237;444.1;1970-01-01T00:00:00Z;;
45.897213;10.60945;444.7;1970-01-01T00:00:00Z;;
45.897329;10.609518;445.2;1970-01-01T00:00:00Z;;
45.897499;10.6096;446.0;1970-01-01T00:00:00Z;;
45.897659;10.609695;446.4;1970-01-01T00:00:00Z;;
45.897793;10.609789;446.7;1970-01-01T00:00:00Z;;
45.897927;10.609871;447.0;1970-01-01T00:00:00Z;;
45.898097;10.60994;447.8;1970-01-01T00:00:00Z;;
45.898277;10.609958;448.9;1970-01-01T00:00:00Z;;
45.898556;10.609966;450.5;1970-01-01T00:00:00Z;;
45.898853;10.609936;451.8;1970-01-01T00:00:00Z;;
45.89916;10.609868;451.8;1970-01-01T00:00:00Z;;
45.899575;10.609789;451.5;1970-01-01T00:00:00Z;;
45.89982;10.609693;451.9;1970-01-01T00:00:00Z;;
45.900074;10.609546;452.8;1970-01-01T00:00:00Z;;
45.900265;10.609371;454.1;1970-01-01T00:00:00Z;;
45.900521;10.609095;455.6;1970-01-01T00:00:00Z;;
45.900632;10.608917;456.4;1970-01-01T00:00:00Z;;
45.900778;10.608754;457.1;1970-01-01T00:00:00Z;;
45.90095;10.608695;457.2;1970-01-01T00:00:00Z;;
45.90113;10.6087;456.8;1970-01-01T00:00:00Z;;
45.901337;10.608693;456.0;1970-01-01T00:00:00Z;;
45.901463;10.608696;455.1;1970-01-01T00:00:00Z;;
45.901597;10.608752;453.5;1970-01-01T00:00:00Z;;
45.901749;10.608795;452.4;1970-01-01T00:00:00Z;;
45.901929;10.608787;451.2;1970-01-01T00:00:00Z;;
45.902082;10.608805;450.3;1970-01-01T00:00:00Z;;
45.902262;10.608848;450.3;1970-01-01T00:00:00Z;;
45.902432;10.608866;450.1;1970-01-01T00:00:00Z;;
45.902648;10.608872;449.9;1970-01-01T00:00:00Z;;
45.902847;10.608827;449.5;1970-01-01T00:00:00Z;;
45.903109;10.608783;449.8;1970-01-01T00:00:00Z;;
45.903244;10.608748;450.2;1970-01-01T00:00:00Z;;
45.903515;10.608678;452.1;1970-01-01T00:00:00Z;;
45.903687;10.608645;453.3;1970-01-01T00:00:00Z;;
45.903903;10.608612;455.4;1970-01-01T00:00:00Z;;
45.903904;10.608561;456.4;1970-01-01T00:00:00Z;;
45.90385;10.608521;456.6;1970-01-01T00:00:00Z;;
45.903673;10.608348;457.7;1970-01-01T00:00:00Z;;
45.903495;10.608175;458.6;1970-01-01T00:00:00Z;;
45.903335;10.608054;458.5;1970-01-01T00:00:00Z;;
45.903237;10.607987;458.1;1970-01-01T00:00:00Z;;
45.903248;10.607926;458.9;1970-01-01T00:00:00Z;;
45.903247;10.607923;458.9;1970-01-01T00:00:00Z;;
45.903254;10.607923;459.0;1970-01-01T00:00:00Z;;
45.903302;10.607908;459.9;1970-01-01T00:00:00Z;;
45.903399;10.607937;460.5;1970-01-01T00:00:00Z;;
45.903567;10.60803;461.2;1970-01-01T00:00:00Z;;
45.903781;10.608196;461.2;1970-01-01T00:00:00Z;;
45.903921;10.608297;461.7;1970-01-01T00:00:00Z;;
45.903998;10.608366;461.4;1970-01-01T00:00:00Z;;
45.904104;10.608423;461.5;1970-01-01T00:00:00Z;;
45.904195;10.608448;461.9;1970-01-01T00:00:00Z;;
45.904229;10.608448;462.3;1970-01-01T00:00:00Z;;
45.904226;10.608445;462.4;1970-01-01T00:00:00Z;;
45.904557;10.608537;463.2;1970-01-01T00:00:00Z;;
45.904862;10.608602;467.2;1970-01-01T00:00:00Z;;
45.905224;10.608666;471.8;1970-01-01T00:00:00Z;;
45.905468;10.608718;474.6;1970-01-01T00:00:00Z;;
45.905689;10.608811;478.6;1970-01-01T00:00:00Z;;
45.905844;10.608952;478.8;1970-01-01T00:00:00Z;;
45.906036;10.609213;473.5;1970-01-01T00:00:00Z;;
45.906036;10.609214;473.4;1970-01-01T00:00:00Z;;
45.906163;10.609429;466.3;1970-01-01T00:00:00Z;;
45.906241;10.609666;459.5;1970-01-01T00:00:00Z;;
45.906308;10.609902;459.6;1970-01-01T00:00:00Z;;
45.906369;10.610228;458.2;1970-01-01T00:00:00Z;;
45.906475;10.610466;457.6;1970-01-01T00:00:00Z;;
45.906647;10.610952;460.1;1970-01-01T00:00:00Z;;
45.906886;10.611589;460.8;1970-01-01T00:00:00Z;;
45.907264;10.612641;460.3;1970-01-01T00:00:00Z;;
45.907422;10.613074;461.9;1970-01-01T00:00:00Z;;
45.907619;10.613499;464.7;1970-01-01T00:00:00Z;;
45.907728;10.613711;466.3;1970-01-01T00:00:00Z;;
45.907725;10.613715;466.3;1970-01-01T00:00:00Z;;
45.908118;10.614334;470.5;1970-01-01T00:00:00Z;;
45.908502;10.614888;473.3;1970-01-01T00:00:00Z;;
45.908836;10.615334;475.2;1970-01-01T00:00:00Z;;
45.90936;10.615759;472.3;1970-01-01T00:00:00Z;;
45.909755;10.616114;470.7;1970-01-01T00:00:00Z;;
45.90999;10.616336;469.9;1970-01-01T00:00:00Z;;
45.91015;10.616513;469.4;1970-01-01T00:00:00Z;;
45.91;10.616348;469.9;1970-01-01T00:00:00Z;;
45.909828;10.616752;466.4;1970-01-01T00:00:00Z;;
45.909799;10.61688;465.4;1970-01-01T00:00:00Z;;
45.909787;10.617086;464.0;1970-01-01T00:00:00Z;;
45.909829;10.617293;464.2;1970-01-01T00:00:00Z;;
45.909933;10.617567;464.5;1970-01-01T00:00:00Z;;
45.910109;10.617882;464.7;1970-01-01T00:00:00Z;;
45.910391;10.61829;465.1;1970-01-01T00:00:00Z;;
45.910603;10.618592;465.0;1970-01-01T00:00:00Z;;
45.910753;10.61879;465.1;1970-01-01T00:00:00Z;;
45.910895;10.618949;465.5;1970-01-01T00:00:00Z;;
45.911046;10.619082;466.0;1970-01-01T00:00:00Z;;
45.911251;10.619217;466.7;1970-01-01T00:00:00Z;;
45.911456;10.619365;467.1;1970-01-01T00:00:00Z;;
45.911607;10.619498;467.4;1970-01-01T00:00:00Z;;
45.911704;10.61963;467.5;1970-01-01T00:00:00Z;;
45.911774;10.619748;467.7;1970-01-01T00:00:00Z;;
45.911835;10.619892;467.9;1970-01-01T00:00:00Z;;
45.911879;10.620009;468.1;1970-01-01T00:00:00Z;;
45.911903;10.620178;468.5;1970-01-01T00:00:00Z;;
45.911883;10.62037;468.9;1970-01-01T00:00:00Z;;
45.911764;10.621102;470.3;1970-01-01T00:00:00Z;;
45.911737;10.62114;470.4;1970-01-01T00:00:00Z;;
45.911601;10.621162;471.1;1970-01-01T00:00:00Z;;
45.911457;10.62117;471.7;1970-01-01T00:00:00Z;;
45.911314;10.621115;472.1;1970-01-01T00:00:00Z;;
45.911161;10.621084;472.9;1970-01-01T00:00:00Z;;
45.911017;10.621067;474.0;1970-01-01T00:00:00Z;;
45.910892;10.62105;474.8;1970-01-01T00:00:00Z;;
45.910846;10.621075;475.4;1970-01-01T00:00:00Z;;
45.910828;10.621139;476.3;1970-01-01T00:00:00Z;;
45.910836;10.621204;476.9;1970-01-01T00:00:00Z;;
45.910862;10.621269;477.9;1970-01-01T00:00:00Z;;
45.910978;10.621311;478.1;1970-01-01T00:00:00Z;;
45.911131;10.621341;477.4;1970-01-01T00:00:00Z;;
45.91122;10.621357;476.9;1970-01-01T00:00:00Z;;
45.911301;10.621385;477.1;1970-01-01T00:00:00Z;;
45.911336;10.621437;478.5;1970-01-01T00:00:00Z;;
45.91138;10.621529;480.9;1970-01-01T00:00:00Z;;
45.911406;10.621607;482.9;1970-01-01T00:00:00Z;;
45.91145;10.621699;484.9;1970-01-01T00:00:00Z;;
45.911493;10.62179;486.8;1970-01-01T00:00:00Z;;
45.911565;10.621844;486.9;1970-01-01T00:00:00Z;;
45.911663;10.621873;485.6;1970-01-01T00:00:00Z;;
45.91177;10.621953;485.2;1970-01-01T00:00:00Z;;
45.911957;10.622126;484.7;1970-01-01T00:00:00Z;;
45.912046;10.622193;484.9;1970-01-01T00:00:00Z;;
45.912207;10.622275;485.3;1970-01-01T00:00:00Z;;
45.912287;10.622291;484.7;1970-01-01T00:00:00Z;;
45.912395;10.622332;484.4;1970-01-01T00:00:00Z;;
45.912529;10.622414;484.2;1970-01-01T00:00:00Z;;
45.91268;10.622534;483.8;1970-01-01T00:00:00Z;;
45.912893;10.622734;481.7;1970-01-01T00:00:00Z;;
45.913044;10.622906;481.2;1970-01-01T00:00:00Z;;
45.913336;10.623224;484.1;1970-01-01T00:00:00Z;;
45.913567;10.623462;482.9;1970-01-01T00:00:00Z;;
45.91369;10.623647;481.8;1970-01-01T00:00:00Z;;
45.913787;10.623817;482.5;1970-01-01T00:00:00Z;;
45.913831;10.623857;483.1;1970-01-01T00:00:00Z;;
45.913867;10.623858;482.5;1970-01-01T00:00:00Z;;
45.914043;10.623554;475.6;1970-01-01T00:00:00Z;;
45.914106;10.623491;474.4;1970-01-01T00:00:00Z;;
45.914224;10.623482;473.1;1970-01-01T00:00:00Z;;
45.914348;10.62355;472.2;1970-01-01T00:00:00Z;;
45.914464;10.623669;471.3;1970-01-01T00:00:00Z;;
45.914571;10.623762;470.3;1970-01-01T00:00:00Z;;
45.914829;10.623938;472.2;1970-01-01T00:00:00Z;;
45.915106;10.624113;473.5;1970-01-01T00:00:00Z;;
45.91548;10.624356;474.1;1970-01-01T00:00:00Z;;
45.915828;10.624573;474.5;1970-01-01T00:00:00Z;;
45.91655;10.625045;474.5;1970-01-01T00:00:00Z;;
45.916836;10.625221;473.9;1970-01-01T00:00:00Z;;
45.916934;10.625301;473.6;1970-01-01T00:00:00Z;;
45.91696;10.625354;473.5;1970-01-01T00:00:00Z;;
45.916966;10.625586;474.8;1970-01-01T00:00:00Z;;
45.91698;10.62587;477.1;1970-01-01T00:00:00Z;;
45.916968;10.626025;478.5;1970-01-01T00:00:00Z;;
45.916993;10.626206;479.7;1970-01-01T00:00:00Z;;
45.917033;10.626542;485.8;1970-01-01T00:00:00Z;;
45.917084;10.626763;489.5;1970-01-01T00:00:00Z;;
45.917136;10.626907;491.5;1970-01-01T00:00:00Z;;
45.917215;10.627076;493.0;1970-01-01T00:00:00Z;;
45.917338;10.62726;494.2;1970-01-01T00:00:00Z;;
45.917471;10.627381;493.4;1970-01-01T00:00:00Z;;
45.917579;10.627422;491.5;1970-01-01T00:00:00Z;;
45.917668;10.627438;489.5;1970-01-01T00:00:00Z;;
45.917795;10.627403;485.7;1970-01-01T00:00:00Z;;
45.917939;10.627394;482.4;1970-01-01T00:00:00Z;;
45.918038;10.627423;482.5;1970-01-01T00:00:00Z;;
45.918154;10.627491;483.0;1970-01-01T00:00:00Z;;
45.918252;10.627558;483.5;1970-01-01T00:00:00Z;;
45.918323;10.627586;483.6;1970-01-01T00:00:00Z;;
45.918413;10.627589;483.2;1970-01-01T00:00:00Z;;
45.918521;10.627579;482.7;1970-01-01T00:00:00Z;;
45.91863;10.627531;481.7;1970-01-01T00:00:00Z;;
45.918721;10.627456;480.7;1970-01-01T00:00:00Z;;
45.918803;10.627381;479.8;1970-01-01T00:00:00Z;;
45.918867;10.627357;479.6;1970-01-01T00:00:00Z;;
45.918921;10.627333;479.3;1970-01-01T00:00:00Z;;
45.919011;10.627361;479.6;1970-01-01T00:00:00Z;;
45.919011;10.627361;479.6;1970-01-01T00:00:00Z;;
45.919117;10.627442;480.3;1970-01-01T00:00:00Z;;
45.919234;10.627497;480.7;1970-01-01T00:00:00Z;;
45.919377;10.627527;480.9;1970-01-01T00:00:00Z;;
45.919566;10.627558;481.0;1970-01-01T00:00:00Z;;
45.919701;10.627562;481.2;1970-01-01T00:00:00Z;;
45.919845;10.62754;481.3;1970-01-01T00:00:00Z;;
45.920054;10.627443;480.9;1970-01-01T00:00:00Z;;
45.920279;10.627398;481.0;1970-01-01T00:00:00Z;;
45.920486;10.627404;481.0;1970-01-01T00:00:00Z;;
45.920728;10.62745;480.1;1970-01-01T00:00:00Z;;
45.920836;10.627492;479.9;1970-01-01T00:00:00Z;;
45.920925;10.627572;480.2;1970-01-01T00:00:00Z;;
45.921066;10.627744;481.1;1970-01-01T00:00:00Z;;
45.921172;10.627914;482.3;1970-01-01T00:00:00Z;;
45.921294;10.628176;487.5;1970-01-01T00:00:00Z;;
45.921442;10.628528;493.3;1970-01-01T00:00:00Z;;
45.921528;10.628827;497.5;1970-01-01T00:00:00Z;;
45.921665;10.62927;503.1;1970-01-01T00:00:00Z;;
45.921837;10.629868;508.8;1970-01-01T00:00:00Z;;
45.921957;10.630271;511.7;1970-01-01T00:00:00Z;;
45.922053;10.630494;512.4;1970-01-01T00:00:00Z;;
45.922212;10.630743;512.5;1970-01-01T00:00:00Z;;
45.922353;10.630954;510.5;1970-01-01T00:00:00Z;;
45.922609;10.631284;502.8;1970-01-01T00:00:00Z;;
45.922804;10.63147;498.1;1970-01-01T00:00:00Z;;
45.922938;10.63159;495.1;1970-01-01T00:00:00Z;;
45.923214;10.631791;494.9;1970-01-01T00:00:00Z;;
45.923392;10.6319;493.2;1970-01-01T00:00:00Z;;
45.923606;10.632074;490.2;1970-01-01T00:00:00Z;;
45.923863;10.632313;491.1;1970-01-01T00:00:00Z;;
45.924183;10.632594;493.9;1970-01-01T00:00:00Z;;
45.924548;10.632927;492.5;1970-01-01T00:00:00Z;;
45.924868;10.633207;494.2;1970-01-01T00:00:00Z;;
45.925037;10.633354;493.7;1970-01-01T00:00:00Z;;
45.925037;10.633354;493.7;1970-01-01T00:00:00Z;;
45.92509;10.633407;493.4;1970-01-01T00:00:00Z;;
45.92533;10.633595;490.6;1970-01-01T00:00:00Z;;
45.92558;10.633757;488.9;1970-01-01T00:00:00Z;;
45.925972;10.633987;489.2;1970-01-01T00:00:00Z;;
45.926231;10.634124;488.5;1970-01-01T00:00:00Z;;
45.926535;10.634275;489.7;1970-01-01T00:00:00Z;;
45.926812;10.634425;491.3;1970-01-01T00:00:00Z;;
45.927097;10.634652;492.9;1970-01-01T00:00:00Z;;
45.927462;10.634934;491.9;1970-01-01T00:00:00Z;;
45.927559;10.635053;491.5;1970-01-01T00:00:00Z;;
45.92771;10.635238;490.9;1970-01-01T00:00:00Z;;
45.927825;10.635358;490.4;1970-01-01T00:00:00Z;;
45.927958;10.635478;490.7;1970-01-01T00:00:00Z;;
